year,iso,country,region,EPI,AIR,H2O,BDH,WRS
2022,AFG,Afghanistan,Southern Asia,43.6,15.5,28.1,30.7,0
2022,ALB,Albania,Eastern Europe,47.1,37.5,54.1,63.9,1.9
2022,DZA,Algeria,Greater Middle East,29.6,39.4,53.3,22.7,33.1
2022,AGO,Angola,Sub-Saharan Africa,30.5,23.1,12.8,30.1,0
2022,ATG,Antigua and Barbuda,Latin America & Caribbean,52.4,56.5,50.1,54.2,15.7
2022,ARG,Argentina,Latin America & Caribbean,41.1,52,64.8,42.4,5.9
2022,ARM,Armenia,Former Soviet States,48.3,32.1,57.3,73.3,4.5
2022,AUS,Australia,Global West,60.1,91.1,87.1,82.1,92.9
2022,AUT,Austria,Global West,66.5,75,94.7,86,94
2022,AZE,Azerbaijan,Former Soviet States,38.6,22.1,45.6,46.2,3.9
2022,BHS,Bahamas,Latin America & Caribbean,56.2,54.5,55,80.4,17.4
2022,BHR,Bahrain,Greater Middle East,42,34.7,56.6,15.3,88
2022,BGD,Bangladesh,Southern Asia,23.1,14.4,27.4,37.4,0
2022,BRB,Barbados,Latin America & Caribbean,53.2,65.3,52,13.6,0
2022,BLR,Belarus,Former Soviet States,48.5,46.1,60.5,66.9,55.8
2022,BEL,Belgium,Global West,58.2,74.6,93.6,82.4,68.2
2022,BLZ,Belize,Latin America & Caribbean,50,37.6,42.7,91.9,0.4
2022,BEN,Benin,Sub-Saharan Africa,29.6,22.3,13.5,63.6,9.6
2022,BTN,Bhutan,Southern Asia,42.5,19.6,31.2,79.6,0
2022,BOL,Bolivia,Latin America & Caribbean,40.1,30,40.1,82.6,3.5
2022,BIH,Bosnia and Herzegovina,Eastern Europe,39.4,27.8,61.5,34.1,1.1
2022,BWA,Botswana,Sub-Saharan Africa,54,17.1,20.9,89.3,0.9
2022,BRA,Brazil,Latin America & Caribbean,43.6,44.9,46.2,78.2,52.4
2022,BRN,Brunei Darussalam,Asia-Pacific,45.7,61.7,85.7,58.5,5.8
2022,BGR,Bulgaria,Eastern Europe,51.9,28.6,68.4,75.1,13.9
2022,BFA,Burkina Faso,Sub-Saharan Africa,35.5,26.1,7.8,78.5,0
2022,BDI,Burundi,Sub-Saharan Africa,30.5,30.7,5.4,42.3,0
2022,CPV,Cabo Verde,Sub-Saharan Africa,41.9,28,35.6,12.1,24.7
2022,KHM,Cambodia,Asia-Pacific,30.1,25.9,34.3,65.8,0
2022,CMR,Cameroon,Sub-Saharan Africa,30.2,13.2,7.8,42,0
2022,CAN,Canada,Global West,50,88,88.1,62.9,67.4
2022,CAF,Central African Republic,Sub-Saharan Africa,44.9,19,0,80.2,0
2022,TCD,Chad,Sub-Saharan Africa,28.1,24.3,0,62.4,0
2022,CHL,Chile,Latin America & Caribbean,46.7,48.4,68.1,61.3,71.9
2022,CHN,China,Asia-Pacific,28.4,20.6,59.5,9.4,9.4
2022,COL,Colombia,Latin America & Caribbean,42.4,44,55.9,77.4,25.9
2022,COM,Comoros,Sub-Saharan Africa,42.5,38.4,15.2,53.9,10.1
2022,CRI,Costa Rica,Latin America & Caribbean,46.3,51.4,66.2,68.5,7.2
2022,CIV,Cote d'Ivoire,Sub-Saharan Africa,32.8,18.2,17.3,58.2,1.2
2022,HRV,Croatia,Eastern Europe,60.2,45.8,70.3,81.5,69
2022,CUB,Cuba,Latin America & Caribbean,47.5,50.6,49.7,46.1,1.7
2022,CYP,Cyprus,Eastern Europe,58,68.3,94,78.3,50
2022,CZE,Czech Republic,Eastern Europe,59.9,53.3,76.5,83.3,61.5
2022,COD,Dem. Rep. Congo,Sub-Saharan Africa,36.9,25.1,13.6,68.6,0.1
2022,DNK,Denmark,Global West,77.9,80.5,97.5,76.9,100
2022,DJI,Djibouti,Sub-Saharan Africa,47.5,19.6,18.3,10.8,0
2022,DMA,Dominica,Latin America & Caribbean,51.2,44,47.6,54.5,0.9
2022,DOM,Dominican Republic,Latin America & Caribbean,42.2,33.5,39,80.7,5.8
2022,ECU,Ecuador,Latin America & Caribbean,46.5,44.1,50.3,75.2,0
2022,EGY,Egypt,Greater Middle East,35.5,34.6,36.7,42.5,42
2022,SLV,El Salvador,Latin America & Caribbean,40.8,36.7,41.7,31.4,0.1
2022,GNQ,Equatorial Guinea,Sub-Saharan Africa,44.8,22.9,33.2,62.5,1.2
2022,ERI,Eritrea,Sub-Saharan Africa,31.7,19.3,6.4,8.8,0
2022,EST,Estonia,Eastern Europe,61.4,74.6,61.9,86,70.4
2022,SWZ,Eswatini,Sub-Saharan Africa,44.9,16.9,12.6,28.7,70
2022,ETH,Ethiopia,Sub-Saharan Africa,31.8,33.7,11,59.2,0.1
2022,FJI,Fiji,Asia-Pacific,31.3,30.3,34.7,16.4,3.9
2022,FIN,Finland,Global West,76.5,93.5,100,71.1,100
2022,FRA,France,Global West,62.5,82,96.3,86.5,88
2022,GAB,Gabon,Sub-Saharan Africa,49.7,25.7,27.7,85.1,0
2022,GMB,Gambia,Sub-Saharan Africa,36.4,20.7,19.2,42.2,7.9
2022,GEO,Georgia,Former Soviet States,39.1,27.9,51.7,40.4,46.6
2022,DEU,Germany,Global West,62.4,75.2,99.1,88.5,97
2022,GHA,Ghana,Sub-Saharan Africa,27.7,15.3,20.9,52.9,3
2022,GRC,Greece,Eastern Europe,56.2,62,98.2,69.1,81.7
2022,GRD,Grenada,Latin America & Caribbean,47.9,43.5,47.1,29,15.1
2022,GTM,Guatemala,Latin America & Caribbean,28,29.1,28.3,41.3,6.8
2022,GIN,Guinea,Sub-Saharan Africa,31.6,21,11.3,60.6,0
2022,GNB,Guinea-Bissau,Sub-Saharan Africa,40.2,19.4,6.8,76.2,0
2022,GUY,Guyana,Latin America & Caribbean,38.5,32.1,35.3,46.1,0
2022,HTI,Haiti,Latin America & Caribbean,26.1,28.2,14.1,35.4,7.1
2022,HND,Honduras,Latin America & Caribbean,36.5,31.3,31.8,60.7,3.1
2022,HUN,Hungary,Eastern Europe,55.1,38.2,62.2,78,55.3
2022,ISL,Iceland,Global West,62.8,96,100,57,15.3
2022,IND,India,Southern Asia,18.9,7.8,19.5,5.8,2.2
2022,IDN,Indonesia,Asia-Pacific,28.2,21.5,28.5,51.2,0
2022,IRN,Iran,Greater Middle East,34.5,41.6,53.7,27.3,3.7
2022,IRQ,Iraq,Greater Middle East,27.8,31.8,49.7,28.3,13.1
2022,IRL,Ireland,Global West,57.4,89.1,97.4,59.6,87
2022,ISR,Israel,Greater Middle East,48.2,68,92.9,39.7,81.7
2022,ITA,Italy,Global West,57.7,69.4,98.3,76.5,58.8
2022,JAM,Jamaica,Latin America & Caribbean,45.6,39.8,49.4,53.2,3
2022,JPN,Japan,Asia-Pacific,57.2,78.9,95.1,80.8,74.8
2022,JOR,Jordan,Greater Middle East,43.6,50.7,62.7,24.1,18.6
2022,KAZ,Kazakhstan,Former Soviet States,40.9,28.6,55.2,48.6,27.5
2022,KEN,Kenya,Sub-Saharan Africa,30.8,30,13.7,46.4,1.1
2022,KIR,Kiribati,Asia-Pacific,49,32.1,16.3,72.6,4.5
2022,KWT,Kuwait,Greater Middle East,42.4,47,67.5,60,43.1
2022,KGZ,Kyrgyzstan,Former Soviet States,35.7,23.5,45.6,28.5,8.6
2022,LAO,Laos,Asia-Pacific,30.7,22.6,26.6,74.9,0
2022,LVA,Latvia,Eastern Europe,61.1,51.1,59.1,84.3,90.7
2022,LBN,Lebanon,Greater Middle East,32.2,41.2,59.8,12.8,38.2
2022,LSO,Lesotho,Sub-Saharan Africa,32.3,11.1,7.3,13.7,0.3
2022,LBR,Liberia,Sub-Saharan Africa,24.9,28.3,9.9,26.8,0
2022,LTU,Lithuania,Eastern Europe,55.9,58.4,58.4,84.4,52.3
2022,LUX,Luxembourg,Global West,72.3,81,98.7,84.8,98
2022,MDG,Madagascar,Sub-Saharan Africa,28,33.6,6,31,0
2022,MWI,Malawi,Sub-Saharan Africa,40.6,35.7,12.1,82.4,0
2022,MYS,Malaysia,Asia-Pacific,35,43.7,57.6,51.9,12.6
2022,MDV,Maldives,Southern Asia,37.4,52,47.8,11.3,3.8
2022,MLI,Mali,Sub-Saharan Africa,28.5,26.7,8.3,46.9,0
2022,MLT,Malta,Global West,75.2,73.2,99.8,72.9,0
2022,MHL,Marshall Islands,Asia-Pacific,36.2,34.9,32.3,8,
2022,MRT,Mauritania,Sub-Saharan Africa,28.1,21.1,13.6,10.7,0
2022,MUS,Mauritius,Sub-Saharan Africa,44.8,50.7,65.5,18,2.8
2022,MEX,Mexico,Latin America & Caribbean,45.5,34.2,52.9,69.8,25.2
2022,FSM,Micronesia,Asia-Pacific,37.4,31.6,35.5,3.6,
2022,MDA,Moldova,Former Soviet States,42.7,40.5,50,49.8,9.2
2022,MNG,Mongolia,Asia-Pacific,29.6,14.9,43.2,67.7,3.3
2022,MNE,Montenegro,Eastern Europe,46.9,30.7,65.6,52.6,8.4
2022,MAR,Morocco,Greater Middle East,28.4,22.7,40.9,16.6,5.4
2022,MOZ,Mozambique,Sub-Saharan Africa,31.7,37.9,16.4,65.2,20
2022,MMR,Myanmar,Asia-Pacific,19.4,16.9,30.9,21.8,0
2022,M,Namibia,Sub-Saharan Africa,50.9,22.2,19.7,73.9,5
2022,NPL,Nepal,Southern Asia,28.3,9.5,27.1,51.1,0
2022,NLD,Netherlands,Global West,62.6,76.8,100,80.1,100
2022,NZL,New Zealand,Global West,56.7,93.2,80.4,76.6,79.9
2022,NIC,Nicaragua,Latin America & Caribbean,37.7,38.2,42.9,60.1,0
2022,NER,Niger,Sub-Saharan Africa,37.7,27.1,1.5,77.1,0
2022,NGA,Nigeria,Sub-Saharan Africa,28.3,13.8,5,45.7,0.2
2022,MKD,North Macedonia,Eastern Europe,54.3,22.6,61.1,57.9,0.8
2022,NOR,Norway,Global West,59.3,92.4,100,71.2,64.3
2022,OMN,Oman,Greater Middle East,30.7,31.8,58.3,20.2,13.4
2022,PAK,Pakistan,Southern Asia,24.6,5.7,17.5,37.4,0.1
2022,PAN,Panama,Latin America & Caribbean,50.5,51.9,43.6,83.7,23.1
2022,PNG,Papua New Guinea,Asia-Pacific,24.8,31.7,15.6,16.3,0
2022,PRY,Paraguay,Latin America & Caribbean,40.9,43.3,47.6,64.3,0.7
2022,PER,Peru,Latin America & Caribbean,39.8,41.5,43.1,54.5,41
2022,PHL,Philippines,Asia-Pacific,28.9,25.9,39,54.2,0.8
2022,POL,Poland,Eastern Europe,50.6,40.4,71.8,87.3,61.5
2022,PRT,Portugal,Global West,50.4,78.1,83.5,70.5,59.2
2022,QAT,Qatar,Greater Middle East,33,42.1,66.6,50.1,70
2022,COG,Republic of Congo,Sub-Saharan Africa,40.1,16.7,14.6,67.5,8.8
2022,ROU,Romania,Eastern Europe,56,39.2,56,81.1,25.7
2022,RUS,Russia,Former Soviet States,37.5,48.8,55.5,44.4,18.5
2022,RWA,Rwanda,Sub-Saharan Africa,32.8,24.7,16.9,47.6,0
2022,LCA,Saint Lucia,Latin America & Caribbean,49.4,46,45.4,36.7,14
2022,VCT,Saint Vincent and the Grenadines,Latin America & Caribbean,53.2,42.7,43.6,45.6,14
2022,WSM,Samoa,Asia-Pacific,36.4,36,49.3,26.9,0.9
2022,STP,Sao Tome and Principe,Sub-Saharan Africa,52.9,26.8,35.3,59.1,10.9
2022,SAU,Saudi Arabia,Greater Middle East,37.9,32.8,59.3,29.3,37.7
2022,SEN,Senegal,Sub-Saharan Africa,33.9,22.1,13.1,65.1,0.5
2022,SRB,Serbia,Eastern Europe,43.9,29.4,65.6,46.7,0.7
2022,SYC,Seychelles,Sub-Saharan Africa,55.6,54.8,51.5,76.1,19.5
2022,SLE,Sierra Leone,Sub-Saharan Africa,32.7,21.6,11.6,51.2,0
2022,SGP,Singapore,Asia-Pacific,50.9,69.2,93.3,25.3,100
2022,SVK,Slovakia,Eastern Europe,60,50.9,71.9,82.7,44.7
2022,SVN,Slovenia,Eastern Europe,67.3,55.1,74.7,84.5,92.2
2022,SLB,Solomon Islands,Asia-Pacific,35,28.6,14.1,8.3,1.2
2022,ZAF,South Africa,Sub-Saharan Africa,37.2,22.2,24.7,54.7,21.7
2022,KOR,South Korea,Asia-Pacific,46.9,62.9,90.8,61,76.8
2022,ESP,Spain,Global West,56.6,74,96.9,85.8,91.1
2022,LKA,Sri Lanka,Southern Asia,34.7,32.5,48.5,57.5,0
2022,SDN,Sudan,Greater Middle East,27.6,15.6,22.4,37,0
2022,SUR,Suriname,Latin America & Caribbean,45.9,36.9,39.4,59.5,13.2
2022,SWE,Sweden,Global West,72.7,94,98.6,68.8,100
2022,CHE,Switzerland,Global West,65.9,84.3,100,62.5,97
2022,TWN,Taiwan,Asia-Pacific,45.3,46.2,72.4,58,6.5
2022,TJK,Tajikistan,Former Soviet States,37.1,12.2,30.9,57.6,2.2
2022,TZA,Tanzania,Sub-Saharan Africa,34.2,33.2,18.5,70.1,2.9
2022,THA,Thailand,Asia-Pacific,38.1,34.4,55.9,51.4,1.8
2022,TLS,Timor-Leste,Asia-Pacific,35.1,32.5,26,54.9,0.6
2022,TGO,Togo,Sub-Saharan Africa,34,21,5.2,59.2,0
2022,TON,Tonga,Asia-Pacific,43.8,41.9,46.5,31.9,
2022,TTO,Trinidad and Tobago,Latin America & Caribbean,47.8,54.3,53.4,65.3,3
2022,TUN,Tunisia,Greater Middle East,40.7,43.3,52.6,26.4,43
2022,TUR,Turkey,Eastern Europe,26.3,44.6,52.7,7.5,30.5
2022,TKM,Turkmenistan,Former Soviet States,37,38.7,47.4,22.9,9.8
2022,UGA,Uganda,Sub-Saharan Africa,35.8,27.4,17.6,75.8,0.4
2022,UKR,Ukraine,Former Soviet States,49.6,35.9,55.2,61.7,14.1
2022,ARE,United Arab Emirates,Greater Middle East,52.4,41.7,67.2,80.3,92.1
2022,GBR,United Kingdom,Global West,77.7,78.6,100,81.5,99
2022,USA,United States of America,Global West,51.1,77,86.1,60.6,58.9
2022,URY,Uruguay,Latin America & Caribbean,37.4,63.6,70.8,17.8,2.1
2022,UZB,Uzbekistan,Former Soviet States,38.2,16.7,52.1,33.8,0
2022,VUT,Vanuatu,Asia-Pacific,36.9,30.7,21.5,20,4.5
2022,VEN,Venezuela,Latin America & Caribbean,46.4,46.7,46.8,71.5,6.4
2022,VNM,Viet Nam,Asia-Pacific,20.1,26.5,52.8,27.9,0.3
2022,ZMB,Zambia,Sub-Saharan Africa,38.4,23.6,13.5,91,4.5
2022,ZWE,Zimbabwe,Sub-Saharan Africa,46.2,23.9,16.9,83.7,37.2
2020,AFG,Afghanistan,Southern Asia,25.5,17.7,28,21.9,0
2020,ALB,Albania,Eastern Europe,49,41.2,54,68.2,2.7
2020,DZA,Algeria,Greater Middle East,44.8,45.3,53.2,39,33.1
2020,AGO,Angola,Sub-Saharan Africa,29.7,26.8,12.8,39.3,0
2020,ATG,Antigua and Barbuda,Latin America & Caribbean,48.5,57.5,50,55.7,1.3
2020,ARG,Argentina,Latin America & Caribbean,52.2,56.9,64.7,49.1,5.9
2020,ARM,Armenia,Former Soviet States,52.3,36.3,57.2,79.2,8.8
2020,AUS,Australia,Global West,74.9,98.2,87,83.7,92.7
2020,AUT,Austria,Global West,79.6,81.3,94.7,85.5,94
2020,AZE,Azerbaijan,Former Soviet States,46.5,24.9,45.5,56.9,3.8
2020,BHS,Bahamas,Latin America & Caribbean,43.5,55.6,55,78.8,1.4
2020,BHR,Bahrain,Greater Middle East,51,41.2,56.6,18.9,86.9
2020,BGD,Bangladesh,Southern Asia,29,20.2,27.3,46.8,0
2020,BRB,Barbados,Latin America & Caribbean,45.6,66,51.9,12.6,1.1
2020,BLR,Belarus,Former Soviet States,53,49.9,60.5,61.2,7.2
2020,BEL,Belgium,Global West,73.3,80.7,93.6,87.4,67.9
2020,BLZ,Belize,Latin America & Caribbean,41.9,39.4,42.6,87.9,0.6
2020,BEN,Benin,Sub-Saharan Africa,30,25.6,13.4,67,0
2020,BTN,Bhutan,Southern Asia,39.3,24.4,31.2,87.2,0
2020,BOL,Bolivia,Latin America & Caribbean,44.3,32.4,40,83.6,3.5
2020,BIH,Bosnia and Herzegovina,Eastern Europe,45.4,31.6,61.4,32.9,1.1
2020,BWA,Botswana,Sub-Saharan Africa,40.4,19.7,20.8,91.6,1
2020,BRA,Brazil,Latin America & Caribbean,51.2,50,46.1,78.1,49.3
2020,BRN,Brunei Darussalam,Asia-Pacific,54.8,68.4,85.6,59.2,6
2020,BGR,Bulgaria,Eastern Europe,57,33,68.3,77.7,13.9
2020,BFA,Burkina Faso,Sub-Saharan Africa,38.3,28.9,7.7,77.8,0
2020,BDI,Burundi,Sub-Saharan Africa,27,36,5.3,52.3,0
2020,CPV,Cabo Verde,Sub-Saharan Africa,32.8,26.5,35.5,14.3,20.9
2020,KHM,Cambodia,Asia-Pacific,33.6,30.1,34.2,60.1,0
2020,CMR,Cameroon,Sub-Saharan Africa,33.6,16.4,7.7,48.6,0
2020,CAN,Canada,Global West,71,94.8,88,60.5,67.4
2020,CAF,Central African Republic,Sub-Saharan Africa,36.9,22,0,84.7,0
2020,TCD,Chad,Sub-Saharan Africa,26.7,26.8,0,69,0
2020,CHL,Chile,Latin America & Caribbean,55.3,56.1,68.1,65.3,71.9
2020,CHN,China,Asia-Pacific,37.3,27.1,59.4,19,9.4
2020,COL,Colombia,Latin America & Caribbean,52.9,49.1,55.8,76.8,25.6
2020,COM,Comoros,Sub-Saharan Africa,32.1,37.7,15.2,36.3,0.1
2020,CRI,Costa Rica,Latin America & Caribbean,52.5,56.2,66.1,70.1,9.7
2020,CIV,Cote d'Ivoire,Sub-Saharan Africa,25.8,20.3,17.2,62,0.6
2020,HRV,Croatia,Eastern Europe,63.1,50.8,70.2,82.6,51.7
2020,CUB,Cuba,Latin America & Caribbean,48.4,53.9,49.6,51.1,3.6
2020,CYP,Cyprus,Eastern Europe,64.8,73.1,93.9,56.5,50
2020,CZE,Czech Republic,Eastern Europe,71,58.8,76.4,85.7,60.8
2020,COD,Dem. Rep. Congo,Sub-Saharan Africa,36.4,29.9,13.5,73.3,0
2020,DNK,Denmark,Global West,82.5,85.5,97.4,81.7,100
2020,DJI,Djibouti,Sub-Saharan Africa,28.1,21.1,18.3,23,0
2020,DMA,Dominica,Latin America & Caribbean,44.6,44.2,47.5,56.3,1
2020,DOM,Dominican Republic,Latin America & Caribbean,46.3,37.4,38.9,81.6,5.8
2020,ECU,Ecuador,Latin America & Caribbean,51,48.7,50.2,77.3,0
2020,EGY,Egypt,Greater Middle East,43.3,35.3,36.6,50.6,42
2020,SLV,El Salvador,Latin America & Caribbean,43.1,42.6,41.6,35.8,0.1
2020,GNQ,Equatorial Guinea,Sub-Saharan Africa,38.1,24.6,33.1,66,1.2
2020,ERI,Eritrea,Sub-Saharan Africa,30.4,22.1,6.3,33.7,0
2020,EST,Estonia,Eastern Europe,65.3,80.3,61.9,87,69.6
2020,SWZ,Eswatini,Sub-Saharan Africa,33.8,21.1,12.6,38.4,5.7
2020,ETH,Ethiopia,Sub-Saharan Africa,34.4,38,10.9,72.2,0
2020,FJI,Fiji,Asia-Pacific,34.4,30,34.6,25.1,3.9
2020,FIN,Finland,Global West,78.9,98.8,100,75.5,100
2020,FRA,France,Global West,80,88.1,96.2,88.3,88
2020,GAB,Gabon,Sub-Saharan Africa,45.8,28.2,27.6,86,0
2020,GMB,Gambia,Sub-Saharan Africa,27.9,23.9,19.1,32.6,0.1
2020,GEO,Georgia,Former Soviet States,41.3,31.1,51.6,46.2,46.6
2020,DEU,Germany,Global West,77.2,81.1,99,88.8,97
2020,GHA,Ghana,Sub-Saharan Africa,27.6,18,20.8,58.9,0
2020,GRC,Greece,Eastern Europe,69.1,67.5,98.2,72.6,81.7
2020,GRD,Grenada,Latin America & Caribbean,43.1,42.9,47,31.5,0.9
2020,GTM,Guatemala,Latin America & Caribbean,31.8,34.3,28.2,41.3,6.8
2020,GIN,Guinea,Sub-Saharan Africa,26.4,24.7,11.2,59.9,0
2020,GNB,Guinea-Bissau,Sub-Saharan Africa,29.1,22.1,6.7,72.2,0
2020,GUY,Guyana,Latin America & Caribbean,35.9,31.9,35.3,51,0
2020,HTI,Haiti,Latin America & Caribbean,27,31.1,14,34.5,0
2020,HND,Honduras,Latin America & Caribbean,37.8,35.4,31.8,59.9,3.1
2020,HUN,Hungary,Eastern Europe,63.7,42.8,62.2,82,53.8
2020,ISL,Iceland,Global West,72.3,98.1,100,63.2,15.6
2020,IND,India,Southern Asia,27.6,13.4,19.4,33.7,2.2
2020,IDN,Indonesia,Asia-Pacific,37.8,26.8,28.4,56.3,0
2020,IRN,Iran,Greater Middle East,48,49.2,53.6,38.4,3.7
2020,IRQ,Iraq,Greater Middle East,39.5,36.3,49.6,40.5,19.5
2020,IRL,Ireland,Global West,72.8,94,97.4,65.8,89.7
2020,ISR,Israel,Greater Middle East,65.8,76.5,92.8,47.6,81.7
2020,ITA,Italy,Global West,71,75.9,98.2,75.6,58.8
2020,JAM,Jamaica,Latin America & Caribbean,48.2,43.6,49.3,58.2,3
2020,JPN,Japan,Asia-Pacific,75.1,85.9,95,76.6,75.3
2020,JOR,Jordan,Greater Middle East,53.4,58,62.6,32.2,18.6
2020,KAZ,Kazakhstan,Former Soviet States,44.7,32,55.1,41.6,28.6
2020,KEN,Kenya,Sub-Saharan Africa,34.7,34.9,13.6,53.5,0.5
2020,KIR,Kiribati,Asia-Pacific,37.7,29.2,16.3,82.1,0
2020,KWT,Kuwait,Greater Middle East,53.6,55,67.4,66,43.1
2020,KGZ,Kyrgyzstan,Former Soviet States,39.8,27,45.5,39.2,0.2
2020,LAO,Laos,Asia-Pacific,34.8,27.8,26.5,69.7,0
2020,LVA,Latvia,Eastern Europe,61.6,54.8,59,86.7,90.7
2020,LBN,Lebanon,Greater Middle East,45.4,47.8,59.7,21.8,38.2
2020,LSO,Lesotho,Sub-Saharan Africa,28,15.3,7.2,22.5,0.3
2020,LBR,Liberia,Sub-Saharan Africa,22.6,30.9,9.8,32.6,0
2020,LTU,Lithuania,Eastern Europe,62.9,62.7,58.3,87.5,51.4
2020,LUX,Luxembourg,Global West,82.3,87.2,98.6,85.5,98.5
2020,MDG,Madagascar,Sub-Saharan Africa,26.5,36.1,5.9,25,0
2020,MWI,Malawi,Sub-Saharan Africa,38.3,39.6,12,84.2,0
2020,MYS,Malaysia,Asia-Pacific,47.9,50.3,57.6,55.1,12.4
2020,MDV,Maldives,Southern Asia,35.6,51.2,47.8,6.5,4.3
2020,MLI,Mali,Sub-Saharan Africa,29.4,29.2,8.2,59.6,0
2020,MLT,Malta,Global West,70.7,77.6,99.8,75.1,0
2020,MHL,Marshall Islands,Asia-Pacific,30.8,32.5,32.2,11.4,0
2020,MRT,Mauritania,Sub-Saharan Africa,27.7,22.4,13.6,19.2,0
2020,MUS,Mauritius,Sub-Saharan Africa,45.1,51.1,65.5,19.3,2.5
2020,MEX,Mexico,Latin America & Caribbean,52.6,40.8,52.8,72.9,31.6
2020,FSM,Micronesia,Asia-Pacific,33,29,35.5,6.9,0.1
2020,MDA,Moldova,Former Soviet States,44.4,44.3,50,27.9,9
2020,MNG,Mongolia,Asia-Pacific,32.2,17.4,43.1,73.1,3.3
2020,MNE,Montenegro,Eastern Europe,46.3,33.9,65.6,36.6,8.4
2020,MAR,Morocco,Greater Middle East,42.3,27,40.8,67.4,5.4
2020,MOZ,Mozambique,Sub-Saharan Africa,33.9,40.7,16.4,67.4,0.2
2020,MMR,Myanmar,Asia-Pacific,25.1,20.7,30.8,31,0
2020,M,Namibia,Sub-Saharan Africa,40.2,24.4,19.6,76.6,6.2
2020,NPL,Nepal,Southern Asia,32.7,14.6,27,62.6,0
2020,NLD,Netherlands,Global West,75.3,82.4,100,83.7,100
2020,NZL,New Zealand,Global West,71.3,97.4,80.4,84,79.9
2020,NIC,Nicaragua,Latin America & Caribbean,39.2,41.7,42.8,59.6,0
2020,NER,Niger,Sub-Saharan Africa,30.8,30.3,1.4,77.6,0
2020,NGA,Nigeria,Sub-Saharan Africa,31,18,4.9,53.6,0.2
2020,MKD,North Macedonia,Eastern Europe,55.4,26.5,61.1,62.1,0.9
2020,NOR,Norway,Global West,77.7,97.9,100,71.5,64.3
2020,OMN,Oman,Greater Middle East,38.5,36.4,58.3,28.2,13.4
2020,PAK,Pakistan,Southern Asia,33.1,9.9,17.4,46.1,0.1
2020,PAN,Panama,Latin America & Caribbean,47.3,56,43.5,60.4,23.1
2020,PNG,Papua New Guinea,Asia-Pacific,32.4,33.9,15.5,27.3,0
2020,PRY,Paraguay,Latin America & Caribbean,46.4,47,47.5,62.8,0.7
2020,PER,Peru,Latin America & Caribbean,44,46,43,59.5,46.4
2020,PHL,Philippines,Asia-Pacific,38.4,30.4,39,56.6,0.7
2020,POL,Poland,Eastern Europe,60.9,44.7,71.7,89,60.9
2020,PRT,Portugal,Global West,67,84.4,83.4,73,55
2020,QAT,Qatar,Greater Middle East,37.1,48.6,66.5,41.3,70
2020,COG,Republic of Congo,Sub-Saharan Africa,30.8,20,14.6,71.7,0.3
2020,ROU,Romania,Eastern Europe,64.7,43.6,55.9,85,30.4
2020,RUS,Russia,Former Soviet States,50.5,54.1,55.4,54.1,18.5
2020,RWA,Rwanda,Sub-Saharan Africa,33.8,30.9,16.9,57.4,0
2020,LCA,Saint Lucia,Latin America & Caribbean,43.1,46.3,45.4,36.9,0.9
2020,VCT,Saint Vincent and the Grenadines,Latin America & Caribbean,48.4,42.6,43.5,47.6,0.8
2020,WSM,Samoa,Asia-Pacific,37.3,33.4,49.2,29.9,0.3
2020,STP,Sao Tome and Principe,Sub-Saharan Africa,37.6,24.6,35.2,58.4,0.3
2020,SAU,Saudi Arabia,Greater Middle East,44,37.4,59.3,38.8,11.8
2020,SEN,Senegal,Sub-Saharan Africa,30.7,25.4,13.1,68.7,0.5
2020,SRB,Serbia,Eastern Europe,55.2,33.6,65.5,57.4,1.7
2020,SYC,Seychelles,Sub-Saharan Africa,58.2,53.6,51.4,78.9,1.6
2020,SLE,Sierra Leone,Sub-Saharan Africa,25.7,25.1,11.5,52.9,0
2020,SGP,Singapore,Asia-Pacific,58.1,76.9,93.2,20.9,100
2020,SVK,Slovakia,Eastern Europe,68.3,56.2,71.8,85,43.7
2020,SVN,Slovenia,Eastern Europe,72,60.9,74.7,86.4,89.1
2020,SLB,Solomon Islands,Asia-Pacific,26.7,27,14,15.3,0
2020,ZAF,South Africa,Sub-Saharan Africa,43.1,28.9,24.6,63.2,21.7
2020,KOR,South Korea,Asia-Pacific,66.5,71.7,90.7,62.6,76.8
2020,ESP,Spain,Global West,74.3,80.2,96.8,87.6,91.5
2020,LKA,Sri Lanka,Southern Asia,39,37.8,48.4,61.1,0
2020,SDN,Sudan,Greater Middle East,34.8,17.6,22.3,46.6,0
2020,SUR,Suriname,Latin America & Caribbean,45.2,37.4,39.3,63.6,0
2020,SWE,Sweden,Global West,78.7,98.2,98.5,72.5,100
2020,CHE,Switzerland,Global West,81.5,90.6,100,63,96.7
2020,TWN,Taiwan,Asia-Pacific,57.2,53.2,72.4,65,7.1
2020,TJK,Tajikistan,Former Soviet States,38.2,15.2,30.9,65.8,2.2
2020,TZA,Tanzania,Sub-Saharan Africa,31.1,35.8,18.4,70.7,1.4
2020,THA,Thailand,Asia-Pacific,45.4,40.6,55.8,53,2
2020,TLS,Timor-Leste,Asia-Pacific,35.3,33.6,25.9,64.5,0.3
2020,TGO,Togo,Sub-Saharan Africa,29.5,24.1,5.1,64.2,0
2020,TON,Tonga,Asia-Pacific,45.1,39.5,46.4,37.3,0.3
2020,TTO,Trinidad and Tobago,Latin America & Caribbean,47.5,57.2,53.4,67.8,3.2
2020,TUN,Tunisia,Greater Middle East,46.7,48.7,52.6,37.1,43
2020,TUR,Turkey,Eastern Europe,42.6,49.5,52.6,15.1,30.4
2020,TKM,Turkmenistan,Former Soviet States,43.9,42,47.3,39.7,9.8
2020,UGA,Uganda,Sub-Saharan Africa,35.6,32.6,17.6,81.4,0.4
2020,UKR,Ukraine,Former Soviet States,49.5,39.8,55.1,37.7,14.1
2020,ARE,United Arab Emirates,Greater Middle East,55.6,48.6,67.2,80.9,76.8
2020,GBR,United Kingdom,Global West,81.3,84.7,100,88,98.5
2020,USA,United States of America,Global West,69.3,84.2,86.1,67.5,58.9
2020,URY,Uruguay,Latin America & Caribbean,49.1,67.7,70.8,25,2.1
2020,UZB,Uzbekistan,Former Soviet States,44.3,15,52,37.6,0
2020,VUT,Vanuatu,Asia-Pacific,28.9,28.6,21.5,30,0
2020,VEN,Venezuela,Latin America & Caribbean,50.3,51.3,46.8,75.1,6.4
2020,VNM,Viet Nam,Asia-Pacific,33.4,32,52.7,33.3,0.3
2020,ZMB,Zambia,Sub-Saharan Africa,34.7,27,13.4,90.4,4.2
2020,ZWE,Zimbabwe,Sub-Saharan Africa,37,27.2,16.8,87,0
2018,AFG,Afghanistan,Southern Asia,20.5,21.3,20.9,22.3,0
2018,ALB,Albania,Eastern Europe,38.8,37.1,51.5,57.1,2.7
2018,DZA,Algeria,Greater Middle East,44.3,38.1,50,39.3,33.1
2018,AGO,Angola,Sub-Saharan Africa,24.4,28.6,3.9,39.8,0
2018,ATG,Antigua and Barbuda,Latin America & Caribbean,45.2,54.4,49,54,1.3
2018,ARG,Argentina,Latin America & Caribbean,47.2,53.3,61.1,42,5.9
2018,ARM,Armenia,Former Soviet States,47.8,28.7,56.9,79.5,8.8
2018,AUS,Australia,Global West,69.4,95.3,85.5,62.4,92.7
2018,AUT,Austria,Global West,74.2,72.5,93.8,84.7,94
2018,AZE,Azerbaijan,Former Soviet States,42.5,19.9,44,56.8,3.8
2018,BHS,Bahamas,Latin America & Caribbean,45.9,53,54.6,42.1,1.4
2018,BHR,Bahrain,Greater Middle East,33.7,32.9,54.3,18.7,86.9
2018,BGD,Bangladesh,Southern Asia,29.1,19.4,22.5,43.3,0
2018,BRB,Barbados,Latin America & Caribbean,44.7,64.7,51.9,11.4,1.1
2018,BLR,Belarus,Former Soviet States,50.7,36.7,59.1,57.7,7.2
2018,BEL,Belgium,Global West,71.2,72.7,90,86.8,67.9
2018,BLZ,Belize,Latin America & Caribbean,43.9,39.5,40.2,86.4,0.6
2018,BEN,Benin,Sub-Saharan Africa,27.3,28.4,9.3,66.3,0
2018,BTN,Bhutan,Southern Asia,48.9,24.4,26.3,85,0
2018,BOL,Bolivia,Latin America & Caribbean,44.6,29.3,34.4,84.2,3.5
2018,BIH,Bosnia and Herzegovina,Eastern Europe,34.5,28,58.2,30.9,1.1
2018,BWA,Botswana,Sub-Saharan Africa,41.5,16.5,15.1,90.2,1
2018,BRA,Brazil,Latin America & Caribbean,46.3,42.5,38.9,61.2,49.3
2018,BRN,Brunei Darussalam,Asia-Pacific,52.8,70.3,83.9,58.7,6
2018,BGR,Bulgaria,Eastern Europe,52.8,28,65.7,73.8,13.9
2018,BFA,Burkina Faso,Sub-Saharan Africa,31.4,32.2,4.8,76.5,0
2018,BDI,Burundi,Sub-Saharan Africa,38.1,36.4,2.3,47.6,0
2018,CPV,Cabo Verde,Sub-Saharan Africa,26.9,32.9,31.4,14,20.9
2018,CIV,CÃƒÂ´te d'Ivoire,Sub-Saharan Africa,45.25,53.88,9.53,83.66,44.63
2018,KHM,Cambodia,Asia-Pacific,33.8,27.5,27,63.6,0
2018,CMR,Cameroon,Sub-Saharan Africa,32.1,17.5,1.4,39.6,0
2018,CAN,Canada,Global West,67.3,90.6,85.8,53.5,67.4
2018,CAF,Central African Republic,Sub-Saharan Africa,40.8,22.4,0,83.7,0
2018,TCD,Chad,Sub-Saharan Africa,27.6,29,0,68.8,0
2018,CHL,Chile,Latin America & Caribbean,51.6,51.8,64.9,44.3,71.9
2018,CHN,China,Asia-Pacific,28.9,20.4,54.8,19.8,9.4
2018,COL,Colombia,Latin America & Caribbean,52,42.6,50.4,70.9,25.6
2018,COM,Comoros,Sub-Saharan Africa,33.3,39.5,11.3,35.9,0.1
2018,CRI,Costa Rica,Latin America & Caribbean,51.5,53.4,62,68.2,9.7
2018,HRV,Croatia,Eastern Europe,49.7,43.7,68.4,44.5,51.7
2018,CUB,Cuba,Latin America & Caribbean,47.6,50,48,40.7,3.6
2018,CYP,Cyprus,Eastern Europe,58.5,64.8,92.5,55.7,50
2018,CZE,Czech Republic,Eastern Europe,67,52.4,76,84.9,60.8
2018,COD,Dem. Rep. Congo,Sub-Saharan Africa,36.8,34.1,3.8,71.7,0
2018,DNK,Denmark,Global West,75.2,76.7,94.9,81.1,100
2018,DJI,Djibouti,Sub-Saharan Africa,25.8,19.9,13.1,16.6,0
2018,DMA,Dominica,Latin America & Caribbean,43.5,43.6,46.9,55.2,1
2018,DOM,Dominican Republic,Latin America & Caribbean,43.3,38.6,35.9,81.8,5.8
2018,ECU,Ecuador,Latin America & Caribbean,47.1,43.8,44,72.8,0
2018,EGY,Egypt,Greater Middle East,35.6,28.8,28.1,49.9,42
2018,SLV,El Salvador,Latin America & Caribbean,37.5,41.4,38.2,30.8,0.1
2018,GNQ,Equatorial Guinea,Sub-Saharan Africa,28.5,24.3,24.1,66.9,1.2
2018,ERI,Eritrea,Sub-Saharan Africa,34.1,23.3,1.9,33.5,0
2018,EST,Estonia,Eastern Europe,61,62.7,60.6,88,69.6
2018,ETH,Ethiopia,Sub-Saharan Africa,34.2,39.7,6.1,71.6,0
2018,FJI,Fiji,Asia-Pacific,37,29.7,31.3,25.3,3.9
2018,FIN,Finland,Global West,72.9,92.1,99.7,76.7,100
2018,FRA,France,Global West,74.2,79.8,92,87.7,88
2018,GAB,Gabon,Sub-Saharan Africa,41.4,22.8,19,66,0
2018,GMB,Gambia,Sub-Saharan Africa,24.3,27.3,14.6,31.8,0.1
2018,GEO,Georgia,Former Soviet States,42.6,26.6,49.4,41.8,46.6
2018,DEU,Germany,Global West,76,74.7,98.1,88.1,97
2018,GHA,Ghana,Sub-Saharan Africa,32,18.9,17.1,58.6,0
2018,GRC,Greece,Eastern Europe,65.7,59.4,97.6,72.2,81.7
2018,GRD,Grenada,Latin America & Caribbean,37.7,40.4,46.2,27.6,0.9
2018,GTM,Guatemala,Latin America & Caribbean,32.1,33.1,21.2,47.8,6.8
2018,GIN,Guinea,Sub-Saharan Africa,30.6,26,6.6,60.7,0
2018,GNB,Guinea-Bissau,Sub-Saharan Africa,30,22.6,0.3,68.9,0
2018,GUY,Guyana,Latin America & Caribbean,42.3,26.9,30.4,37.9,0
2018,HTI,Haiti,Latin America & Caribbean,22.8,32.6,8.1,22.2,0
2018,HND,Honduras,Latin America & Caribbean,31.3,36.8,25.8,57.3,3.1
2018,HUN,Hungary,Eastern Europe,60.4,35.8,61.5,80.9,53.8
2018,ISL,Iceland,Global West,71.9,97.9,99.1,60.9,15.6
2018,IND,India,Southern Asia,27.6,13,10.5,34.2,2.2
2018,IDN,Indonesia,Asia-Pacific,33.7,24.2,21.7,58.4,0
2018,IRN,Iran,Greater Middle East,38.9,39.8,49.9,38.4,3.7
2018,IRQ,Iraq,Greater Middle East,39.3,23.2,38.5,28.5,19.5
2018,IRL,Ireland,Global West,69.9,83.3,95.7,63.7,89.7
2018,ISR,Israel,Greater Middle East,60.6,70,90.5,46.6,81.7
2018,ITA,Italy,Global West,69.9,68.6,96.7,75.3,58.8
2018,JAM,Jamaica,Latin America & Caribbean,46.2,43.4,49.8,62,3
2018,JPN,Japan,Asia-Pacific,75.6,85.8,94.1,77.8,75.3
2018,JOR,Jordan,Greater Middle East,42.2,50.4,55.4,27.5,18.6
2018,KAZ,Kazakhstan,Former Soviet States,35.7,25.4,51.7,40.8,28.6
2018,KEN,Kenya,Sub-Saharan Africa,34.7,32.7,7.1,52.7,0.5
2018,KIR,Kiribati,Asia-Pacific,31.5,30.5,12.2,82.1,0
2018,KWT,Kuwait,Greater Middle East,40.8,48.6,65.2,32.4,43.1
2018,KGZ,Kyrgyzstan,Former Soviet States,41.7,21.3,41,39.2,0.2
2018,LAO,Laos,Asia-Pacific,37.6,24.5,17.6,77.8,0
2018,LVA,Latvia,Eastern Europe,56.6,41.8,57.7,88,90.7
2018,LBN,Lebanon,Greater Middle East,44.3,39.5,54.7,22,38.2
2018,LSO,Lesotho,Sub-Saharan Africa,29,14.3,3.6,22.3,0.3
2018,LBR,Liberia,Sub-Saharan Africa,26.3,34.8,3.1,34.7,0
2018,LTU,Lithuania,Eastern Europe,57.7,48.2,57.3,83.2,51.4
2018,LUX,Luxembourg,Global West,70.7,78.2,96.6,83.4,98.5
2018,MKD,Macedonia,Eastern Europe,61.06,66.43,69.16,64.85,52.07
2018,MDG,Madagascar,Sub-Saharan Africa,33.1,38.1,1.4,29.5,0
2018,MWI,Malawi,Sub-Saharan Africa,40.9,38.4,7.4,84.2,0
2018,MYS,Malaysia,Asia-Pacific,43.5,45.7,54.5,63.7,12.4
2018,MDV,Maldives,Southern Asia,28.9,44.7,44.6,4.7,4.3
2018,MLI,Mali,Sub-Saharan Africa,32.7,31,3.7,58.3,0
2018,MLT,Malta,Global West,59.1,67.5,98.2,55.1,0
2018,MRT,Mauritania,Sub-Saharan Africa,27.4,22.1,6.4,19.4,0
2018,MUS,Mauritius,Sub-Saharan Africa,38.9,45.4,62,18.1,2.5
2018,MEX,Mexico,Latin America & Caribbean,45.2,38.8,48.5,53.6,31.6
2018,FSM,Micronesia,Asia-Pacific,37.8,28.6,33.6,6.5,0.1
2018,MDA,Moldova,Former Soviet States,46.7,30,48.5,27.6,9
2018,MNG,Mongolia,Asia-Pacific,39.8,14.5,40.1,67.9,3.3
2018,MNE,Montenegro,Eastern Europe,39,29.3,62.7,29.2,8.4
2018,MAR,Morocco,Greater Middle East,29,23.3,31.9,24.2,5.4
2018,MOZ,Mozambique,Sub-Saharan Africa,28.6,42.4,11.1,65.2,0.2
2018,MMR,Myanmar,Asia-Pacific,26.3,16.9,21.8,28.7,0
2018,M,Namibia,Sub-Saharan Africa,31.1,21.7,14.2,75,6.2
2018,NPL,Nepal,Southern Asia,40.8,15.9,19.7,57.5,0
2018,NLD,Netherlands,Global West,73.8,76,100,82.3,100
2018,NZL,New Zealand,Global West,69.5,95.2,78.4,83.9,79.9
2018,NIC,Nicaragua,Latin America & Caribbean,39.1,41.8,36.3,67,0
2018,NER,Niger,Sub-Saharan Africa,38.9,32.5,0,60.7,0
2018,NGA,Nigeria,Sub-Saharan Africa,27.4,20.2,0,53.6,0.2
2018,NOR,Norway,Global West,70.1,91.4,99,67.7,64.3
2018,OMN,Oman,Greater Middle East,27.5,26.1,55.1,27.1,13.4
2018,PAK,Pakistan,Southern Asia,27,10.8,12.2,46.8,0.1
2018,PAN,Panama,Latin America & Caribbean,44,50.3,36.8,61.3,23.1
2018,PNG,Papua New Guinea,Asia-Pacific,24.7,33.7,11.9,26.4,0
2018,PRY,Paraguay,Latin America & Caribbean,51.3,43.8,43,70.4,0.7
2018,PER,Peru,Latin America & Caribbean,44.8,40.8,41.3,56.5,46.4
2018,PHL,Philippines,Asia-Pacific,42.5,26.6,31.9,60,0.7
2018,POL,Poland,Eastern Europe,59.8,37.8,69.6,88.4,60.9
2018,PRT,Portugal,Global West,63,73.3,80.8,66.4,55
2018,QAT,Qatar,Greater Middle East,41.9,44.3,63.6,43.4,70
2018,COG,Republic of Congo,Sub-Saharan Africa,32.3,20.8,5.6,65.2,0.3
2018,ROU,Romania,Eastern Europe,56.6,35.3,53.3,78,30.4
2018,RUS,Russia,Former Soviet States,46.6,40,54.4,54.7,18.5
2018,RWA,Rwanda,Sub-Saharan Africa,35.3,32.6,11.2,57.6,0
2018,STP,SÃƒÂ£o TomÃƒÂ© and PrÃƒÂ­ncipe,Sub-Saharan Africa,54.01,64.07,29.32,75.47,26.32
2018,LCA,Saint Lucia,Latin America & Caribbean,44.5,45,44.8,35.4,0.9
2018,VCT,Saint Vincent and the Grenadines,Latin America & Caribbean,42.3,41.9,41.9,46.1,0.8
2018,WSM,Samoa,Asia-Pacific,41.2,33.7,47.4,27.7,0.3
2018,SAU,Saudi Arabia,Greater Middle East,37.6,27.3,53.4,38.7,11.8
2018,SEN,Senegal,Sub-Saharan Africa,33.4,27.2,10.6,67.6,0.5
2018,SRB,Serbia,Eastern Europe,48.2,26.1,62.8,50.5,1.7
2018,SYC,Seychelles,Sub-Saharan Africa,43.4,52.3,48.6,63.8,1.6
2018,SLE,Sierra Leone,Sub-Saharan Africa,25,27,7.4,45.8,0
2018,SGP,Singapore,Asia-Pacific,66.5,73,92.6,20.7,100
2018,SVK,Slovakia,Eastern Europe,64.4,48.5,70.1,84.4,43.7
2018,SVN,Slovenia,Eastern Europe,67.4,54.7,74.3,85.3,89.1
2018,SLB,Solomon Islands,Asia-Pacific,28.7,30.8,9.7,18.6,0
2018,ZAF,South Africa,Sub-Saharan Africa,34.6,21.2,17.6,40.4,21.7
2018,KOR,South Korea,Asia-Pacific,64.3,69.8,88.5,62.2,76.8
2018,ESP,Spain,Global West,65.7,72.2,95.8,69.4,91.5
2018,LKA,Sri Lanka,Southern Asia,39.6,33.7,44,59.8,0
2018,SDN,Sudan,Greater Middle East,26.4,19.5,12.3,62.2,0
2018,SUR,Suriname,Latin America & Caribbean,52.3,34.7,36.4,60.4,0
2018,SWZ,Swaziland,Sub-Saharan Africa,40.32,42.3,9.36,34.9,64.23
2018,SWE,Sweden,Global West,73.4,94.3,96.6,64.9,100
2018,CHE,Switzerland,Global West,72.9,82.7,100,59.5,96.7
2018,TWN,Taiwan,Asia-Pacific,52.6,49.9,70.2,66.6,7.1
2018,TJK,Tajikistan,Former Soviet States,38.9,14.9,24.9,66.2,2.2
2018,TZA,Tanzania,Sub-Saharan Africa,29.4,36.6,13.4,70.5,1.4
2018,THA,Thailand,Asia-Pacific,41.3,35.3,51.3,53.5,2
2018,TLS,Timor-Leste,Asia-Pacific,38.3,37.1,22.2,55.8,0.3
2018,TGO,Togo,Sub-Saharan Africa,31.6,26.1,0.1,63.4,0
2018,TON,Tonga,Asia-Pacific,42.7,38.7,45.7,36.7,0.3
2018,TTO,Trinidad and Tobago,Latin America & Caribbean,36.8,54.8,51.8,66.2,3.2
2018,TUN,Tunisia,Greater Middle East,40.3,40.4,50.7,32.1,43
2018,TUR,Turkey,Eastern Europe,40.5,40.3,48.7,15.7,30.4
2018,TKM,Turkmenistan,Former Soviet States,35.5,35.7,39.8,39.7,9.8
2018,UGA,Uganda,Sub-Saharan Africa,33.8,34.3,14.4,82.1,0.4
2018,UKR,Ukraine,Former Soviet States,48.8,34.4,55.7,37.6,14.1
2018,ARE,United Arab Emirates,Greater Middle East,44.3,43.9,65.5,41.5,76.8
2018,GBR,United Kingdom,Global West,72.3,79.2,99.2,68.7,98.5
2018,USA,United States of America,Global West,66.4,76.7,84.4,68.3,58.9
2018,URY,Uruguay,Latin America & Caribbean,48.1,63.6,65,22.6,2.1
2018,UZB,Uzbekistan,Former Soviet States,41.2,11.3,50.1,39.1,0
2018,VUT,Vanuatu,Asia-Pacific,40.8,30.2,18.6,29.7,0
2018,VEN,Venezuela,Latin America & Caribbean,50.8,48.4,44.8,74.5,6.4
2018,VNM,Viet Nam,Asia-Pacific,28,27.5,49,31.6,0.3
2018,ZMB,Zambia,Sub-Saharan Africa,42,27.4,6.7,90.7,4.2
2018,ZWE,Zimbabwe,Sub-Saharan Africa,44.3,25.5,12.5,85.8,0
2016,AFG,Afghanistan,Southern Asia,14.2,26.15,8.48,21.96,0
2016,ALB,Albania,Eastern Europe,29.61,37.41,48.46,26.07,2.7
2016,DZA,Algeria,Greater Middle East,45.58,28.78,42.1,39.46,33.1
2016,AGO,Angola,Sub-Saharan Africa,21.08,31.56,0,40.17,0
2016,ATG,Antigua and Barbuda,Latin America & Caribbean,42.28,50.31,48.66,19.14,1.3
2016,ARG,Argentina,Latin America & Caribbean,43.01,48.87,52.68,40.34,5.9
2016,ARM,Armenia,Former Soviet States,49.99,27.41,45.97,78.39,8.8
2016,AUS,Australia,Global West,66.22,92.81,86.37,49.48,92.7
2016,AUT,Austria,Global West,69.35,71.69,89.02,83.29,94
2016,AZE,Azerbaijan,Former Soviet States,40.28,22.23,31.48,49.88,3.8
2016,BHR,Bahrain,Greater Middle East,26.49,24.59,50.86,16.19,86.9
2016,BGD,Bangladesh,Southern Asia,27.18,17.29,11.96,42.3,0
2016,BRB,Barbados,Latin America & Caribbean,41.6,64.7,51.89,9.67,1.1
2016,BLR,Belarus,Former Soviet States,54.67,39.24,56.94,53.03,7.2
2016,BEL,Belgium,Global West,71.29,70,87.7,85.74,67.9
2016,BLZ,Belize,Latin America & Caribbean,46.45,37.24,35.89,91.04,0.6
2016,BEN,Benin,Sub-Saharan Africa,27.17,32.85,5.64,66.77,0
2016,BTN,Bhutan,Southern Asia,54.81,26.17,17.84,84.12,0
2016,BOL,Bolivia,Latin America & Caribbean,41.97,24.27,18.66,84.13,3.5
2016,BIH,Bosnia and Herzegovina,Eastern Europe,33.79,33.63,54.92,22.3,1.1
2016,BWA,Botswana,Sub-Saharan Africa,40.84,22.54,7.25,88.69,1
2016,BRA,Brazil,Latin America & Caribbean,41.39,37.67,29.53,61.98,49.3
2016,BRN,Brunei Darussalam,Asia-Pacific,54.06,70.21,83.92,60.15,6
2016,BGR,Bulgaria,Eastern Europe,49.46,26.59,64.78,59.94,13.9
2016,BFA,Burkina Faso,Sub-Saharan Africa,35.91,30.97,0,73.66,0
2016,BDI,Burundi,Sub-Saharan Africa,51.26,38.22,1.44,41.43,0
2016,KHM,Cambodia,Asia-Pacific,38.89,30.03,12.61,67.89,0
2016,CMR,Cameroon,Sub-Saharan Africa,32.89,21.47,0,28.63,0
2016,CAN,Canada,Global West,68.22,91.07,85.51,52.06,67.4
2016,CPV,Cape Verde,Sub-Saharan Africa,51.98,81.78,66.26,37.03,19.4
2016,CAF,Central African Republic,Sub-Saharan Africa,49.84,27.14,0,83.57,0
2016,TCD,Chad,Sub-Saharan Africa,24.74,28.08,0,68.28,0
2016,CHL,Chile,Latin America & Caribbean,53.9,51.02,60.07,33.83,71.9
2016,CHN,China,Asia-Pacific,23.29,13.34,39.27,21.54,9.4
2016,COL,Colombia,Latin America & Caribbean,46,38.55,39.5,62.56,25.6
2016,COM,Comoros,Sub-Saharan Africa,26.32,37.85,4.66,2.95,0.1
2016,COG,Congo,Sub-Saharan Africa,59.56,81.66,41.02,93.26,24.99
2016,CRI,Costa Rica,Latin America & Caribbean,46.81,49.09,58.44,69.25,9.7
2016,CIV,Cote d'Ivoire,Sub-Saharan Africa,59.89,77.07,48.73,90.88,35.78
2016,HRV,Croatia,Eastern Europe,47.54,51.86,67.21,25.62,51.7
2016,CUB,Cuba,Latin America & Caribbean,50.5,45.48,45.84,37.59,3.6
2016,CYP,Cyprus,Eastern Europe,55.44,67.96,89.21,43.71,50
2016,CZE,Czech Republic,Eastern Europe,69.68,56.89,79.26,83.73,60.8
2016,COD,Dem. Rep. Congo,Sub-Saharan Africa,39.63,47.81,0,66.48,0
2016,DNK,Denmark,Global West,72.36,73.59,94.64,80.61,100
2016,DJI,Djibouti,Sub-Saharan Africa,20.6,17.09,4.6,12.24,0
2016,DMA,Dominica,Latin America & Caribbean,38.81,39.71,46.49,54.93,1
2016,DOM,Dominican Republic,Latin America & Caribbean,37.71,35.56,28.63,83.09,5.8
2016,ECU,Ecuador,Latin America & Caribbean,44.33,37.76,33.78,72.38,0
2016,EGY,Egypt,Greater Middle East,31.1,25.12,20.81,39.77,42
2016,SLV,El Salvador,Latin America & Caribbean,29.33,36.6,30.29,0,0.1
2016,GNQ,Equatorial Guinea,Sub-Saharan Africa,32.61,24.12,13.85,67.67,1.2
2016,ERI,Eritrea,Sub-Saharan Africa,32.46,21.06,0,33.35,0
2016,EST,Estonia,Eastern Europe,67.9,57.75,60.64,88.71,69.6
2016,ETH,Ethiopia,Sub-Saharan Africa,31.88,52.11,0,69.9,0
2016,FJI,Fiji,Asia-Pacific,32.75,26.42,29.57,23.04,3.9
2016,FIN,Finland,Global West,73.55,87.4,95.61,78.65,100
2016,FRA,France,Global West,70.92,74.9,91,86.08,88
2016,GAB,Gabon,Sub-Saharan Africa,38.75,20.45,12.7,61.67,0
2016,GEO,Georgia,Former Soviet States,45.01,24.63,42.22,31.41,46.6
2016,DEU,Germany,Global West,75.86,74.66,97.95,87.04,97
2016,GHA,Ghana,Sub-Saharan Africa,30.15,21.42,6.44,59.19,0
2016,GRC,Greece,Eastern Europe,67.82,57.98,97.6,71.69,81.7
2016,GRD,Grenada,Latin America & Caribbean,35.13,35.75,45.67,17.14,0.9
2016,GTM,Guatemala,Latin America & Caribbean,29.1,29.46,11.39,53.05,6.8
2016,GIN,Guinea,Sub-Saharan Africa,30.76,25.23,0,59.28,0
2016,GNB,Guinea-Bissau,Sub-Saharan Africa,27.27,22.1,0,70.8,0
2016,GUY,Guyana,Latin America & Caribbean,37.79,22.85,20.58,16.68,0
2016,HTI,Haiti,Latin America & Caribbean,19.65,31.09,1.67,25.64,0
2016,HND,Honduras,Latin America & Caribbean,27.76,34.54,16.54,55.86,3.1
2016,HUN,Hungary,Eastern Europe,64.32,48.27,63.56,78.99,53.8
2016,ISL,Iceland,Global West,67.82,94.2,99.1,32.53,15.6
2016,IND,India,Southern Asia,27.62,11.67,0.68,34.53,2.2
2016,IDN,Indonesia,Asia-Pacific,32.27,33.88,11.71,58.94,0
2016,IRN,Iran,Greater Middle East,36.36,33.93,45.56,38.28,3.7
2016,IRQ,Iraq,Greater Middle East,37.4,11.21,31.06,13.44,19.5
2016,IRL,Ireland,Global West,67.96,78.74,94.91,55.33,89.7
2016,ISR,Israel,Greater Middle East,56.03,67.08,90.86,44.87,81.7
2016,ITA,Italy,Global West,68.11,73.39,96.7,74.58,58.8
2016,JAM,Jamaica,Latin America & Caribbean,43.46,40.76,49.46,64.74,3
2016,JPN,Japan,Asia-Pacific,77.72,86.51,94.48,79.98,75.3
2016,JOR,Jordan,Greater Middle East,38.95,50.74,45.78,24.97,18.6
2016,KAZ,Kazakhstan,Former Soviet States,37.52,22.8,40.3,36.99,28.6
2016,KEN,Kenya,Sub-Saharan Africa,34.44,32.68,6.47,51.96,0.5
2016,KIR,Kiribati,Asia-Pacific,19.27,29.52,7.41,68.85,0
2016,KWT,Kuwait,Greater Middle East,27.39,36.13,63.88,0,43.1
2016,KGZ,Kyrgyz Republic,Former Soviet States,73.13,84.79,74.63,79.8,58.09
2016,LAO,Laos,Asia-Pacific,31.88,29.8,4.47,86.46,0
2016,LVA,Latvia,Eastern Europe,64.16,38.37,55.4,86.96,90.7
2016,LBN,Lebanon,Greater Middle East,42.35,42.78,51.15,18.99,38.2
2016,LSO,Lesotho,Sub-Saharan Africa,26.2,27.79,0.74,21.95,0.3
2016,LBR,Liberia,Sub-Saharan Africa,15.03,34.2,0,35.87,0
2016,LTU,Lithuania,Eastern Europe,63.6,49.83,55.64,77.6,51.4
2016,LUX,Luxembourg,Global West,67.2,76.42,95.18,82.23,98.5
2016,MKD,Macedonia,Eastern Europe,56.82,65.64,63.11,63.62,52.07
2016,MDG,Madagascar,Sub-Saharan Africa,41.53,37.32,0,32.22,0
2016,MWI,Malawi,Sub-Saharan Africa,38.22,39.03,0,84.13,0
2016,MYS,Malaysia,Asia-Pacific,41.3,49.17,52.66,71.55,12.4
2016,MDV,Maldives,Southern Asia,23.96,35.39,39.01,0.42,4.3
2016,MLI,Mali,Sub-Saharan Africa,31.92,29.73,1.01,55.76,0
2016,MLT,Malta,Global West,54.49,62.6,98.2,42.33,0
2016,MRT,Mauritania,Sub-Saharan Africa,26.81,19.6,0,19.08,0
2016,MUS,Mauritius,Sub-Saharan Africa,28.92,39.32,60.75,17.9,2.5
2016,MEX,Mexico,Latin America & Caribbean,37.77,32.79,38.35,43.24,31.6
2016,MDA,Moldova,Former Soviet States,49,36.3,43.91,25.79,9
2016,MNG,Mongolia,Asia-Pacific,35.12,11.02,38.66,58.3,3.3
2016,MNE,Montenegro,Eastern Europe,28.28,30.05,58.81,0,8.4
2016,MAR,Morocco,Greater Middle East,22.59,17.72,19.01,18.18,5.4
2016,MOZ,Mozambique,Sub-Saharan Africa,30.72,40.75,2.75,59.12,0.2
2016,MMR,Myanmar,Asia-Pacific,25.83,17.39,9.32,30.01,0
2016,M,Namibia,Sub-Saharan Africa,28.63,21.86,9.35,62.94,6.2
2016,NPL,Nepal,Southern Asia,41.36,14.35,7.13,50.74,0
2016,NLD,Netherlands,Global West,74.24,73.11,100.5,81.53,100
2016,NZL,New Zealand,Global West,65.66,91.49,79.21,80.6,79.9
2016,NIC,Nicaragua,Latin America & Caribbean,34.37,38.69,25.71,72.32,0
2016,NER,Niger,Sub-Saharan Africa,45.53,31.28,0,49.96,0
2016,NGA,Nigeria,Sub-Saharan Africa,22.38,21.13,0,52.69,0.2
2016,NOR,Norway,Global West,68.75,87.16,98.63,53.29,64.3
2016,OMN,Oman,Greater Middle East,21.33,12.43,53.19,25.86,13.4
2016,PAK,Pakistan,Southern Asia,23.24,9.88,7.15,47.34,0.1
2016,PAN,Panama,Latin America & Caribbean,35.07,46.56,32.53,61.78,23.1
2016,PNG,Papua New Guinea,Asia-Pacific,19.69,33.7,5.73,26.44,0
2016,PRY,Paraguay,Latin America & Caribbean,48.65,46.21,34.46,54.94,0.7
2016,PER,Peru,Latin America & Caribbean,40.43,38.96,33.14,48,46.4
2016,PHL,Philippines,Asia-Pacific,41.92,25.64,23.06,61.58,0.7
2016,POL,Poland,Eastern Europe,62.09,45.21,68.36,87.58,60.9
2016,PRT,Portugal,Global West,58.36,66.72,79,64.07,55
2016,QAT,Qatar,Greater Middle East,29.69,41.72,60.78,39.63,70
2016,ROU,Romania,Eastern Europe,54.12,40.49,46.16,43.7,30.4
2016,RUS,Russia,Former Soviet States,47.37,33.65,50.33,55.15,18.5
2016,RWA,Rwanda,Sub-Saharan Africa,37.1,32.59,0,57.05,0
2016,WSM,Samoa,Asia-Pacific,39.74,31.97,46.93,27.26,0.3
2016,STP,Sao Tome and Principe,Sub-Saharan Africa,48.28,86.72,62,1.47,17.99
2016,SAU,Saudi Arabia,Greater Middle East,33.38,17.55,44.07,38.49,11.8
2016,SEN,Senegal,Sub-Saharan Africa,31.25,25.89,5.01,67.44,0.5
2016,SRB,Serbia,Eastern Europe,44.86,32.07,61.7,26.99,1.7
2016,SYC,Seychelles,Sub-Saharan Africa,24.43,46.71,46.22,62.35,1.6
2016,SLE,Sierra Leone,Sub-Saharan Africa,23.07,26.32,4.9,36.85,0
2016,SGP,Singapore,Asia-Pacific,75.91,102.7,93.36,20.34,100
2016,SVK,Slovakia,Eastern Europe,64.72,57.78,67.72,83.09,43.7
2016,SVN,Slovenia,Eastern Europe,72.26,56.18,73.79,83.21,89.1
2016,SLB,Solomon Islands,Asia-Pacific,21.79,30.27,4.23,16.11,0
2016,ZAF,South Africa,Sub-Saharan Africa,30.51,26.82,8.7,28.82,21.7
2016,KOR,South Korea,Asia-Pacific,67.81,76.47,88.5,58.75,76.8
2016,ESP,Spain,Global West,58.81,67.51,95.8,65.76,91.5
2016,LKA,Sri Lanka,Southern Asia,32.59,30.24,37.13,55.76,0
2016,SDN,Sudan,Greater Middle East,13.08,17.07,2.64,47.44,0
2016,SUR,Suriname,Latin America & Caribbean,55.31,31.58,30.79,60.42,0
2016,SWZ,Swaziland,Sub-Saharan Africa,39.68,41.88,3.42,33.64,64.23
2016,SWE,Sweden,Global West,72.78,92.13,97.25,61.93,100
2016,CHE,Switzerland,Global West,65.63,75.52,98.69,53.09,96.7
2016,TWN,Taiwan,Asia-Pacific,46.21,41.65,69.26,64.5,7.1
2016,TJK,Tajikistan,Former Soviet States,39.05,12.73,16.43,65.5,2.2
2016,TZA,Tanzania,Sub-Saharan Africa,26.68,35.72,7.46,70.89,1.4
2016,THA,Thailand,Asia-Pacific,39.13,30.48,44.71,53.7,2
2016,BHS,The Bahamas,Latin America & Caribbean,69.34,94.09,88.06,74.59,11.37
2016,GMB,The Gambia,Sub-Saharan Africa,52.09,64.66,59.41,43.63,31
2016,TLS,Timor-Leste,Asia-Pacific,25.33,34.43,7.22,11.57,0.3
2016,TGO,Togo,Sub-Saharan Africa,29.47,29.98,0,48.68,0
2016,TON,Tonga,Asia-Pacific,40.33,36.18,43.39,34.75,0.3
2016,TTO,Trinidad and Tobago,Latin America & Caribbean,38.54,51.4,50.56,63.79,3.2
2016,TUN,Tunisia,Greater Middle East,35.13,29.46,49.48,19.58,43
2016,TUR,Turkey,Eastern Europe,38.67,36.45,37.29,15.59,30.4
2016,TKM,Turkmenistan,Former Soviet States,18.82,30.34,22.33,39.15,9.8
2016,UGA,Uganda,Sub-Saharan Africa,35.3,43.05,11.21,79.45,0.4
2016,UKR,Ukraine,Former Soviet States,53.05,40.37,55.26,37.27,14.1
2016,ARE,United Arab Emirates,Greater Middle East,38.92,37.03,63.48,6.53,76.8
2016,GBR,United Kingdom,Global West,69.65,71.65,97.1,65.61,98.5
2016,USA,United States of America,Global West,65.91,76.47,82.48,68.58,58.9
2016,URY,Uruguay,Latin America & Caribbean,39.73,59.18,54.62,20.24,2.1
2016,UZB,Uzbekistan,Former Soviet States,33.99,10.33,42,34.47,0
2016,VUT,Vanuatu,Asia-Pacific,47.78,29.15,12.8,29.34,0
2016,VEN,Venezuela,Latin America & Caribbean,45.25,43.46,39.22,74.46,6.4
2016,VNM,Viet Nam,Asia-Pacific,21.57,20.62,41.43,16.55,0.3
2016,ZMB,Zambia,Sub-Saharan Africa,41.47,28.82,0,91.2,4.2
2016,ZWE,Zimbabwe,Sub-Saharan Africa,42.57,25.24,12.17,84.28,0
2014,AFG,Afghanistan,Southern Asia,21.57,62.32,7.69,2.52,0
2014,ALB,Albania,Eastern Europe,54.73,68.24,55.91,63.19,3.36
2014,DZA,Algeria,Greater Middle East,50.08,99.28,46.13,34.86,34.64
2014,AGO,Angola,Sub-Saharan Africa,28.69,79.27,11.76,41.7,0
2014,ATG,Antigua and Barbuda,Latin America & Caribbean,48.89,100,61.01,60.92,11.37
2014,ARG,Argentina,Latin America & Caribbean,49.55,99.64,75.7,44.88,11.75
2014,ARM,Armenia,Former Soviet States,61.67,76.6,66.3,80.16,22.59
2014,AUS,Australia,Global West,82.4,98.33,100,83.08,92.33
2014,AUT,Austria,Global West,78.32,76.45,100,86.59,79.05
2014,AZE,Azerbaijan,Former Soviet States,55.47,86.87,30.66,58.66,13.15
2014,BHS,Bahamas,Latin America & Caribbean,46.58,98.33,51.95,75.53,11.37
2014,BHR,Bahrain,Greater Middle East,51.83,74.63,93.4,4.99,64.27
2014,BGD,Bangladesh,Southern Asia,25.61,13.83,22.56,39.68,0
2014,BRB,Barbados,Latin America & Caribbean,45.5,100,73.12,2.28,11.37
2014,BLR,Belarus,Former Soviet States,67.69,81.21,73.66,41.25,86.45
2014,BEL,Belgium,Global West,66.61,69.79,100,57.56,60
2014,BLZ,Belize,Latin America & Caribbean,50.46,96,62.49,98.58,2.28
2014,BEN,Benin,Sub-Saharan Africa,32.42,67.39,11.44,65.88,0.01
2014,BTN,Bhutan,Southern Asia,46.86,44.86,38.98,94.92,0
2014,BOL,Bolivia,Latin America & Caribbean,50.48,88.77,24.46,81.04,11.3
2014,BIH,Bosnia and Herzegovina,Eastern Europe,45.79,69.53,72.15,2.5,3.18
2014,BWA,Botswana,Sub-Saharan Africa,47.6,87.67,42.36,100,0.95
2014,BRA,Brazil,Latin America & Caribbean,52.97,97.64,50.44,66.74,10.87
2014,BRN,Brunei Darussalam,Asia-Pacific,66.49,94.62,73.93,100,37.84
2014,BGR,Bulgaria,Eastern Europe,64.01,77.23,95.02,68.85,28.86
2014,BFA,Burkina Faso,Sub-Saharan Africa,40.52,69.33,14.01,83.75,0.02
2014,BDI,Burundi,Sub-Saharan Africa,25.78,59.95,16.63,30.29,0
2014,KHM,Cambodia,Asia-Pacific,35.44,64.82,10.52,78.93,0
2014,CMR,Cameroon,Sub-Saharan Africa,36.68,73.8,16.17,45.67,0
2014,CAN,Canada,Global West,73.14,97.85,95.9,58.4,80.42
2014,CPV,Cape Verde,Sub-Saharan Africa,44.07,89.33,29.29,7.32,19.4
2014,CAF,Central African Republic,Sub-Saharan Africa,42.94,66.68,10.66,97,0
2014,TCD,Chad,Sub-Saharan Africa,31.02,70.55,2.91,55.34,0
2014,CHL,Chile,Latin America & Caribbean,69.93,96.8,79.74,60.16,68.85
2014,CHN,China,Asia-Pacific,43,18.81,33.15,66.63,18.18
2014,COL,Colombia,Latin America & Caribbean,50.77,95.09,39.92,80.4,4.6
2014,COM,Comoros,Sub-Saharan Africa,31.39,76.33,31.77,0,3.96
2014,COG,Congo,Sub-Saharan Africa,39.44,73.85,10.27,66.29,0.18
2014,CRI,Costa Rica,Latin America & Caribbean,58.53,97.88,59.57,89.55,0.9
2014,CIV,Cote d'Ivoire,Sub-Saharan Africa,39.72,73.88,14.77,81.23,0.6
2014,HRV,Croatia,Eastern Europe,62.23,76.67,77.71,70.87,13.23
2014,CUB,Cuba,Latin America & Caribbean,55.07,97,51.75,56.06,9.19
2014,CYP,Cyprus,Eastern Europe,66.23,85.68,100,77.03,9.44
2014,CZE,Czech Republic,Eastern Europe,81.47,73.99,97.91,98.35,75.68
2014,COD,Dem. Rep. Congo,Sub-Saharan Africa,25.01,56.26,4.39,44.85,0
2014,DNK,Denmark,Global West,76.92,92.82,100,67.74,93.45
2014,DJI,Djibouti,Sub-Saharan Africa,28.52,93.39,33.11,15.45,0
2014,DMA,Dominica,Latin America & Caribbean,47.08,99.67,43.98,66.29,2.99
2014,DOM,Dominican Republic,Latin America & Caribbean,53.24,97.55,31.68,92.94,5.9
2014,ECU,Ecuador,Latin America & Caribbean,58.54,98.13,50.07,88.09,6.4
2014,EGY,Egypt,Greater Middle East,61.11,67.99,73.59,65.26,49.5
2014,SLV,El Salvador,Latin America & Caribbean,43.79,92.55,32.43,24.53,0.62
2014,GNQ,Equatorial Guinea,Sub-Saharan Africa,41.06,74.09,25.18,91.32,1.25
2014,ERI,Eritrea,Sub-Saharan Africa,25.76,78.2,5.53,17.94,0
2014,EST,Estonia,Eastern Europe,74.66,96.21,77.67,100,75.27
2014,ETH,Ethiopia,Sub-Saharan Africa,39.43,66.85,3.53,83.78,0
2014,FJI,Fiji,Asia-Pacific,53.08,87.67,51.94,37.98,3.9
2014,FIN,Finland,Global West,75.72,98.33,100,61.86,84.25
2014,FRA,France,Global West,71.05,89.44,100,54.45,83.8
2014,GAB,Gabon,Sub-Saharan Africa,46.6,90.97,21.88,82.94,0
2014,GMB,Gambia,Sub-Saharan Africa,29.3,69.67,31.26,37.05,0.4
2014,GEO,Georgia,Former Soviet States,47.23,75.53,64.39,29.59,0
2014,DEU,Germany,Global West,80.47,78.5,100,100,95.18
2014,GHA,Ghana,Sub-Saharan Africa,32.07,69.72,17.77,34.26,10.25
2014,GRC,Greece,Eastern Europe,73.28,85.88,87.76,66.49,87.33
2014,GRD,Grenada,Latin America & Caribbean,35.24,100,51.93,3.74,11.37
2014,GTM,Guatemala,Latin America & Caribbean,48.06,80.4,42.37,57.55,5.37
2014,GIN,Guinea,Sub-Saharan Africa,28.03,67.67,10.91,41,0.75
2014,GNB,Guinea-Bissau,Sub-Saharan Africa,35.98,67.33,10.19,89.87,0
2014,GUY,Guyana,Latin America & Caribbean,38.07,97.55,45.78,18.66,0
2014,HTI,Haiti,Latin America & Caribbean,19.01,69.67,8.37,1.09,0
2014,HND,Honduras,Latin America & Caribbean,48.87,82.88,36.38,76.81,15.54
2014,HUN,Hungary,Eastern Europe,70.28,70.24,99.99,29.57,58.62
2014,ISL,Iceland,Global West,76.5,98.33,100,81.9,51.94
2014,IND,India,Southern Asia,31.23,23.24,26.28,39.18,10.49
2014,IDN,Indonesia,Asia-Pacific,44.36,75.31,24.29,78.08,0.02
2014,IRN,Iran,Greater Middle East,51.08,88.81,75.21,37.06,2.77
2014,IRQ,Iraq,Greater Middle East,33.39,67.42,34.87,0,8.29
2014,IRL,Ireland,Global West,74.67,98.33,90.47,18.74,87.47
2014,ISR,Israel,Greater Middle East,65.78,79.57,100,39.34,88.4
2014,ITA,Italy,Global West,74.36,80.85,63.51,79.77,91.44
2014,JAM,Jamaica,Latin America & Caribbean,58.26,96.33,41.26,88.04,10
2014,JPN,Japan,Asia-Pacific,72.35,84.79,100,73.53,71.26
2014,JOR,Jordan,Greater Middle East,55.78,82.51,69.06,8.52,42.3
2014,KAZ,Kazakhstan,Former Soviet States,51.07,95.92,63.48,14.11,30.5
2014,KEN,Kenya,Sub-Saharan Africa,36.99,73.33,7.92,67.96,0.52
2014,KIR,Kiribati,Asia-Pacific,55.82,84.67,11.24,100,27.06
2014,KWT,Kuwait,Greater Middle East,63.94,61.54,91.69,92.88,43
2014,KGZ,Kyrgyzstan,Former Soviet States,40.63,86.51,47.11,15.77,4.2
2014,LAO,Laos,Asia-Pacific,40.37,29.23,17.5,93.85,0
2014,LVA,Latvia,Eastern Europe,64.05,96.29,53.69,95.17,49.62
2014,LBN,Lebanon,Greater Middle East,50.15,77.34,88.69,1.71,15.08
2014,LSO,Lesotho,Sub-Saharan Africa,20.81,79.67,13.94,1.3,0.3
2014,LBR,Liberia,Sub-Saharan Africa,23.95,67.33,11.22,4.13,0
2014,LTU,Lithuania,Eastern Europe,61.26,85.09,43.81,91.83,45.82
2014,LUX,Luxembourg,Global West,83.29,81.98,100,100,95
2014,MKD,Macedonia,Eastern Europe,50.41,64.26,70.51,27.54,3.74
2014,MDG,Madagascar,Sub-Saharan Africa,26.7,67.33,2.43,37.08,0.53
2014,MWI,Malawi,Sub-Saharan Africa,40.06,67.55,22.44,87.81,0
2014,MYS,Malaysia,Asia-Pacific,59.31,90.54,77.21,93.37,8.64
2014,MLI,Mali,Sub-Saharan Africa,18.43,67.33,8.19,14.3,0
2014,MLT,Malta,Global West,67.42,98.33,100,80.96,37.01
2014,MRT,Mauritania,Sub-Saharan Africa,27.19,80.67,4.52,32.63,0
2014,MUS,Mauritius,Sub-Saharan Africa,58.09,100,71.27,43.7,5.44
2014,MEX,Mexico,Latin America & Caribbean,55.03,87.09,46.2,62.32,37.45
2014,MDA,Moldova,Former Soviet States,53.36,73.63,50.99,7.51,34.15
2014,MNG,Mongolia,Asia-Pacific,44.67,76,23.61,73.25,19.8
2014,ME,Montenegro,Eastern Europe,55.52,76.19,60.08,51.6,5.1
2014,MAR,Morocco,Greater Middle East,51.89,98.85,26.24,31.2,39.39
2014,MOZ,Mozambique,Sub-Saharan Africa,29.97,68.33,2.88,63.17,2.5
2014,MMR,Myanmar,Asia-Pacific,27.44,47.68,30.69,28.62,0
2014,M,Namibia,Sub-Saharan Africa,43.71,81.67,28.4,94.39,13
2014,NPL,Nepal,Southern Asia,37,16.23,22,61.79,0
2014,NLD,Netherlands,Global West,77.75,75.57,100,94.69,98.82
2014,NZL,New Zealand,Global West,76.41,98.33,71.28,76.05,77.9
2014,NIC,Nicaragua,Latin America & Caribbean,50.32,81.88,23.16,91.67,8.4
2014,NER,Niger,Sub-Saharan Africa,36.28,67.4,2.93,77.21,0
2014,NGA,Nigeria,Sub-Saharan Africa,39.2,72.7,8.17,57.54,1.08
2014,NOR,Norway,Global West,78.04,98.33,100,71.68,77.05
2014,OMN,Oman,Greater Middle East,47.75,96.89,57.52,42.28,13.4
2014,PAK,Pakistan,Southern Asia,34.58,23.02,28.34,41.43,3.52
2014,PAN,Panama,Latin America & Caribbean,56.84,94,39.11,86.96,20.15
2014,PNG,Papua New Guinea,Asia-Pacific,41.09,75.43,1.38,25.68,0
2014,PRY,Paraguay,Latin America & Caribbean,39.25,83.67,29.76,31.2,0.16
2014,PER,Peru,Latin America & Caribbean,45.05,83.68,29.07,70.36,20.98
2014,PHL,Philippines,Asia-Pacific,44.02,81.53,37.35,64.67,0.53
2014,POL,Poland,Eastern Europe,69.53,70.74,59.31,91.76,60.73
2014,PRT,Portugal,Global West,75.8,97.97,96.75,64.36,70.33
2014,QAT,Qatar,Greater Middle East,63.03,76.81,100,8.47,67.32
2014,ROU,Romania,Eastern Europe,50.52,68.88,31.32,63.51,13.05
2014,RUS,Russia,Former Soviet States,53.45,94.36,45.17,53.39,21.5
2014,RWA,Rwanda,Sub-Saharan Africa,35.41,63.26,17.2,56.32,0
2014,SAU,Saudi Arabia,Greater Middle East,66.66,84.45,83.48,93.7,28.54
2014,SEN,Senegal,Sub-Saharan Africa,40.83,83,16.49,85.36,2.06
2014,RS,Serbia,Eastern Europe,69.13,67.17,78.19,99.78,8.79
2014,SYC,Seychelles,Sub-Saharan Africa,55.56,100,66.09,72.42,3.96
2014,SLE,Sierra Leone,Sub-Saharan Africa,21.74,67.33,4.77,23.54,0
2014,SGP,Singapore,Asia-Pacific,81.78,98.33,100,46.33,99.65
2014,SVK,Slovakia,Eastern Europe,74.45,73.12,97.43,84.33,57.64
2014,SVN,Slovenia,Eastern Europe,76.43,78.13,95.96,100,53.99
2014,SLB,Solomon Islands,Asia-Pacific,31.63,70,15.13,17.58,0
2014,ZAF,South Africa,Sub-Saharan Africa,53.51,94.4,36.08,63.96,27.86
2014,KOR,South Korea,Asia-Pacific,63.79,62.24,85.92,50.4,83.68
2014,ESP,Spain,Global West,79.79,97.37,99.33,56.56,92.83
2014,LKA,Sri Lanka,Southern Asia,53.88,70.8,48.85,67.7,0
2014,SDN,Sudan,Greater Middle East,24.64,73.55,5.51,16.29,0
2014,SUR,Suriname,Latin America & Caribbean,53.57,96,41.16,75.04,0.01
2014,SWZ,Swaziland,Sub-Saharan Africa,37.35,81.67,17.34,17.69,55.5
2014,SWE,Sweden,Global West,78.09,97.13,100,62.38,87.86
2014,CHE,Switzerland,Global West,87.67,76.56,100,100,96.95
2014,TWN,Taiwan,Asia-Pacific,62.18,76.38,100,71.39,4.59
2014,TJK,Tajikistan,Former Soviet States,31.34,69.19,36.74,24.28,2.25
2014,TZA,Tanzania,Sub-Saharan Africa,36.19,68.31,3.68,79.12,0.42
2014,THA,Thailand,Asia-Pacific,52.83,67.67,57.62,70.19,16
2014,TLS,Timor-Leste,Asia-Pacific,39.41,69.33,12.22,60.43,0.3
2014,TGO,Togo,Sub-Saharan Africa,27.91,67.23,5.18,44.23,0
2014,TON,Tonga,Asia-Pacific,61.68,85.67,68.03,92.16,27.06
2014,TTO,Trinidad and Tobago,Latin America & Caribbean,52.28,99.88,52.08,83.48,5.25
2014,TUN,Tunisia,Greater Middle East,58.99,99.04,54.57,31.08,27.77
2014,TUR,Turkey,Eastern Europe,54.91,84.07,71.43,32.62,48.93
2014,TKM,Turkmenistan,Former Soviet States,45.07,98.2,51.78,17.86,9.8
2014,UGA,Uganda,Sub-Saharan Africa,39.18,66.8,13.93,91.31,0.56
2014,UKR,Ukraine,Former Soviet States,49.01,84.76,65.31,41.46,14.7
2014,ARE,United Arab Emirates,Greater Middle East,72.91,86.47,82.41,96.47,67.06
2014,GBR,United Kingdom,Global West,77.35,95.82,100,70.11,97.93
2014,USA,United States of America,Global West,67.52,96.41,86.48,63.35,63.66
2014,URY,Uruguay,Latin America & Caribbean,53.61,100,89.51,24.62,6.67
2014,UZB,Uzbekistan,Former Soviet States,43.23,79.37,68.59,12.87,0
2014,VUT,Vanuatu,Asia-Pacific,45.88,72,29.8,27.46,27.06
2014,VEN,Venezuela,Latin America & Caribbean,57.8,99.04,49.01,92.92,14.94
2014,VNM,Viet Nam,Asia-Pacific,38.17,51.32,43.15,43.39,0.14
2014,ZMB,Zambia,Sub-Saharan Africa,41.72,71.25,11.12,100,4.2
2014,ZWE,Zimbabwe,Sub-Saharan Africa,49.54,78,17.5,99.52,14.03
2012,ALB,Albania,Eastern Europe,65.85,100,72.28,61.72,23.19
2012,DZA,Algeria,Greater Middle East,48.56,100,47.61,37.71,30.73
2012,AGO,Angola,Sub-Saharan Africa,47.57,48.7,14.14,41.2,59.34
2012,ARG,Argentina,Latin America & Caribbean,56.48,100,58.2,43.05,24.58
2012,ARM,Armenia,Former Soviet States,47.48,46.03,55.66,32.54,1.09
2012,AUS,Australia,Global West,56.61,100,100,85.43,33.21
2012,AUT,Austria,Global West,68.92,100,100,58,45.18
2012,AZE,Azerbaijan,Former Soviet States,43.11,63.21,21.65,40.18,5.01
2012,BGD,Bangladesh,Southern Asia,42.55,13.66,23.32,23.57,14.2
2012,BLR,Belarus,Former Soviet States,53.88,100,80.59,42.47,40.37
2012,BEL,Belgium,Global West,63.02,100,100,78.49,27.1
2012,BEN,Benin,Sub-Saharan Africa,50.38,39.39,14.19,79.8,50.24
2012,BOL,Bolivia,Latin America & Caribbean,54.57,58.94,22.18,88.41,45.39
2012,BIH,Bosnia and Herzegovina,Eastern Europe,36.76,55.16,72.68,2.88,47.27
2012,BWA,Botswana,Sub-Saharan Africa,53.74,55.93,39.32,100,37.76
2012,BRA,Brazil,Latin America & Caribbean,60.9,69.15,51.2,76.76,44.87
2012,BRN,Brunei Darussalam,Asia-Pacific,62.49,100,38.19,90.7,99.64
2012,BGR,Bulgaria,Eastern Europe,56.28,100,100,57.25,14.88
2012,KHM,Cambodia,Asia-Pacific,55.29,41.95,11.58,94.75,45.3
2012,CMR,Cameroon,Sub-Saharan Africa,42.97,33.62,19.18,43.12,40.34
2012,CAN,Canada,Global West,58.41,100,100,53.59,41.66
2012,CHL,Chile,Latin America & Caribbean,55.34,100,64.2,57.05,16.98
2012,CHN,China,Asia-Pacific,42.24,19.7,30.17,65.65,12.16
2012,COL,Colombia,Latin America & Caribbean,62.33,64.67,39.22,84.43,53.42
2012,COG,Congo,Sub-Saharan Africa,47.18,28.22,15.01,58.58,62.91
2012,CRI,Costa Rica,Latin America & Caribbean,69.03,64.86,64.77,72.88,51.06
2012,CIV,Côte d'Ivoire,Sub-Saharan Africa,53.55,45.28,18.06,80.67,42.01
2012,HRV,Croatia,Eastern Europe,64.16,65.1,84.58,74.49,45.74
2012,CUB,Cuba,Latin America & Caribbean,56.48,77.97,52.85,57.8,22.76
2012,CYP,Cyprus,Eastern Europe,57.15,100,100,61,1.07
2012,CZE,Czech Republic,Eastern Europe,64.79,100,88.1,84.12,32.93
2012,COD,Dem. Rep. Congo,Sub-Saharan Africa,47.49,29.07,7.07,51.08,75.49
2012,DNK,Denmark,Global West,63.61,100,100,61.32,29.72
2012,DOM,Dominican Republic,Latin America & Caribbean,52.44,66.6,37.79,52,22.61
2012,ECU,Ecuador,Latin America & Caribbean,60.55,100,53.99,93.91,35.73
2012,EGY,Egypt,Greater Middle East,55.18,84.67,71.01,42.99,9.75
2012,SLV,El Salvador,Latin America & Caribbean,52.08,60.93,41.3,39.13,47.78
2012,ERI,Eritrea,Sub-Saharan Africa,38.39,44.94,9.53,22.24,30
2012,EST,Estonia,Eastern Europe,56.09,63.05,68.05,100,49.9
2012,ETH,Ethiopia,Sub-Saharan Africa,52.71,41.96,4.1,67.56,37.74
2012,FIN,Finland,Global West,64.44,100,100,52.34,55.52
2012,FRA,France,Global West,69,99.53,100,80.75,30.66
2012,GAB,Gabon,Sub-Saharan Africa,57.91,59.46,24.17,62.87,100
2012,GEO,Georgia,Former Soviet States,56.84,56.14,68.05,28.36,27.87
2012,DEU,Germany,Global West,66.91,100,100,100,31.75
2012,GHA,Ghana,Sub-Saharan Africa,47.5,40.62,17.9,45.13,31.15
2012,GRC,Greece,Eastern Europe,60.04,100,88.1,79.65,7.89
2012,GTM,Guatemala,Latin America & Caribbean,51.88,53.46,45.34,59.76,60.71
2012,HTI,Haiti,Latin America & Caribbean,41.15,50.52,10.49,15.53,22.28
2012,HND,Honduras,Latin America & Caribbean,52.54,54.06,32.25,65.06,57.44
2012,HUN,Hungary,Eastern Europe,57.12,100,100,30.12,27.54
2012,ISL,Iceland,Global West,66.28,100,100,70.58,64.27
2012,IND,India,Southern Asia,36.23,3.73,24.71,41.83,6.91
2012,IDN,Indonesia,Asia-Pacific,52.29,54.32,23.1,75.29,46.74
2012,IRN,Iran,Greater Middle East,42.73,80.78,44.96,42.19,3.29
2012,IRQ,Iraq,Greater Middle East,25.32,38.41,28.63,0.59,10.58
2012,IRL,Ireland,Global West,58.69,100,92.49,34.17,51.82
2012,ISR,Israel,Greater Middle East,54.64,98.07,100,60.89,4.62
2012,ITA,Italy,Global West,68.9,100,100,94.79,13.32
2012,JAM,Jamaica,Latin America & Caribbean,54.36,63.22,46.48,73.32,31.37
2012,JPN,Japan,Asia-Pacific,63.36,100,100,67.12,34.76
2012,JOR,Jordan,Greater Middle East,42.16,93.51,69.73,9.21,15.68
2012,KAZ,Kazakhstan,Former Soviet States,32.94,65.29,64.54,14.18,20.37
2012,KEN,Kenya,Sub-Saharan Africa,49.28,52.08,11.32,72.55,39.44
2012,KWT,Kuwait,Greater Middle East,35.54,85.27,92.09,13.15,12.5
2012,KGZ,Kyrgyzstan,Former Soviet States,46.33,48.67,50.11,23.29,7.3
2012,LVA,Latvia,Eastern Europe,70.37,66.41,58.12,96.97,54.18
2012,LBN,Lebanon,Greater Middle East,47.35,100,88.1,26.12,3.42
2012,LTU,Lithuania,Eastern Europe,65.5,100,84.88,86.06,42.26
2012,LUX,Luxembourg,Global West,69.2,100,100,100,35.2
2012,MKD,Macedonia,Eastern Europe,46.96,57.27,73.08,28.18,19.82
2012,MYS,Malaysia,Asia-Pacific,62.51,97.3,82.56,90.1,48.4
2012,MLT,Malta,Global West,48.51,100,100,44.09,12.3
2012,MEX,Mexico,Latin America & Caribbean,49.11,62.68,47.76,63.47,13.05
2012,MDA,Moldova,Former Soviet States,45.21,63.8,39.15,8.18,22.29
2012,MNG,Mongolia,Asia-Pacific,45.37,51.91,20.67,69.47,41.77
2012,MAR,Morocco,Greater Middle East,45.76,69.33,28.27,22.34,9.03
2012,MOZ,Mozambique,Sub-Saharan Africa,47.82,50.22,6.48,62.03,34.19
2012,MMR,Myanmar,Asia-Pacific,52.72,33.84,28.74,53.57,50.86
2012,M,Namibia,Sub-Saharan Africa,50.68,54.06,29.22,80.83,38.19
2012,NPL,Nepal,Southern Asia,57.97,18.01,24.71,62.18,37.33
2012,NLD,Netherlands,Global West,65.65,100,100,84.67,22.74
2012,NZL,New Zealand,Global West,66.05,100,100,74.43,40.33
2012,NIC,Nicaragua,Latin America & Caribbean,59.23,54.19,26.2,95.27,40.76
2012,NGA,Nigeria,Sub-Saharan Africa,40.14,29.61,11.21,52.69,27.07
2012,NOR,Norway,Global West,69.92,100,100,63.74,54.37
2012,OMN,Oman,Greater Middle East,44,88.48,42.14,59.69,29.37
2012,PAK,Pakistan,Southern Asia,39.56,18.76,29.03,60.05,6.09
2012,PAN,Panama,Latin America & Caribbean,57.94,63.22,38.73,84.81,41.44
2012,PRY,Paraguay,Latin America & Caribbean,52.4,55.3,31.9,21.29,45.25
2012,PER,Peru,Latin America & Caribbean,50.29,57.18,28.52,74.04,24.37
2012,PHL,Philippines,Asia-Pacific,57.4,55.44,38.85,66.04,36.44
2012,POL,Poland,Eastern Europe,63.47,100,74.02,98.81,32.77
2012,PRT,Portugal,Global West,57.64,100,92.09,66.16,11.68
2012,QAT,Qatar,Greater Middle East,46.59,100,100,40.19,6.02
2012,ROU,Romania,Eastern Europe,48.34,60.64,27.04,45.33,25.72
2012,RUS,Russia,Former Soviet States,45.43,69.15,53.04,62.75,45.43
2012,SAU,Saudi Arabia,Greater Middle East,49.97,86.32,45.28,98.95,11.86
2012,SEN,Senegal,Sub-Saharan Africa,46.73,27.65,18.07,90.05,29.75
2012,SRB,Serbia,Eastern Europe,46.14,57.69,68.29,35,32.61
2012,SGP,Singapore,Asia-Pacific,56.36,100,100,34.06,14.49
2012,SVK,Slovakia,Eastern Europe,66.62,100,100,84.47,31.83
2012,SVN,Slovenia,Eastern Europe,62.25,67.81,92.09,76.88,46.65
2012,ZAF,South Africa,Sub-Saharan Africa,34.55,62.79,39.3,50.24,11.95
2012,KOR,South Korea,Asia-Pacific,57.2,89.03,87.46,64.79,22.77
2012,ESP,Spain,Global West,60.31,100,100,74.19,5.73
2012,LKA,Sri Lanka,Southern Asia,55.72,51.8,47.69,49.72,12.33
2012,SDN,Sudan,Greater Middle East,46,38.68,11.27,29.05,33.42
2012,SWE,Sweden,Global West,68.82,100,100,52.14,51.49
2012,CHE,Switzerland,Global West,76.69,100,100,98.06,50.76
2012,TWN,Taiwan,Asia-Pacific,62.23,100,100,72.65,33.01
2012,TJK,Tajikistan,Former Soviet States,38.78,41.74,39.74,24.35,19.08
2012,TZA,Tanzania,Sub-Saharan Africa,54.26,50.22,9.01,92.08,39.95
2012,THA,Thailand,Asia-Pacific,59.98,40.3,70.03,78.91,18.22
2012,TGO,Togo,Sub-Saharan Africa,48.66,41.17,9,53.01,44.96
2012,TTO,Trinidad and Tobago,Latin America & Caribbean,47.04,100,53.99,69.76,32.6
2012,TUN,Tunisia,Greater Middle East,46.66,100,47.76,25.66,8.92
2012,TUR,Turkey,Eastern Europe,44.8,64.82,66.11,20.19,9.97
2012,TKM,Turkmenistan,Former Soviet States,31.75,97.57,55.77,17.88,5.35
2012,UKR,Ukraine,Former Soviet States,46.31,69.15,68.05,46.42,18.04
2012,ARE,United Arab Emirates,Greater Middle East,50.91,82.94,84.98,85.72,10.27
2012,GBR,United Kingdom,Global West,68.82,100,100,100,35.48
2012,USA,United States of America,Global West,56.59,100,92.09,71.76,12.59
2012,URY,Uruguay,Latin America & Caribbean,57.06,73.12,100,20.26,41.42
2012,UZB,Uzbekistan,Former Soviet States,32.24,39.7,69.89,12.88,7.36
2012,VEN,Venezuela,Latin America & Caribbean,55.62,100,51.33,88.14,31.77
2012,VNM,Viet Nam,Asia-Pacific,50.64,30.98,42.5,54.12,37.76
2012,ZMB,Zambia,Sub-Saharan Africa,55.56,51.17,14.82,100,41.72
2012,ZWE,Zimbabwe,Sub-Saharan Africa,52.76,52.46,22.6,99.46,25.65
2010,ALB,Albania,Eastern Europe,71.42,52.97,95.73,77.02,91.24
2010,DZA,Algeria,Greater Middle East,67.41,63.98,83.7,51.89,55.77
2010,AGO,Angola,Sub-Saharan Africa,36.35,43.47,29.7,58.43,64.76
2010,ATG,Antigua and Barbuda,Latin America & Caribbean,69.79,97.37,89.44,27.61,70.87
2010,ARG,Argentina,Latin America & Caribbean,61.05,63.21,91.5,31.25,72.91
2010,ARM,Armenia,Former Soviet States,60.44,68.66,93.23,55.34,50.52
2010,AUS,Australia,Global West,65.66,97.37,100,77.86,57.95
2010,AUT,Austria,Global West,78.13,84.15,100,100,97.55
2010,AZE,Azerbaijan,Former Soviet States,59.08,65.86,69.81,67.57,51.4
2010,BHR,Bahrain,Greater Middle East,41.96,65.23,100,13.61,0
2010,BGD,Bangladesh,Southern Asia,43.95,2.78,46.84,14.92,79.96
2010,BLR,Belarus,Former Soviet States,65.37,97.37,96.07,70.13,66.02
2010,BEL,Belgium,Global West,58.07,94.3,100,20.2,56.53
2010,BLZ,Belize,Latin America & Caribbean,69.93,92.61,62.5,96.81,74.44
2010,BEN,Benin,Sub-Saharan Africa,39.59,28.43,30.55,74.2,68.62
2010,BTN,Bhutan,Southern Asia,68.02,85.84,56.68,100,71.4
2010,BOL,Bolivia,Latin America & Caribbean,44.34,41.78,55.94,85.71,84.94
2010,BIH,Bosnia and Herzegovina,Eastern Europe,55.87,74.11,96.33,2.83,96.73
2010,BWA,Botswana,Sub-Saharan Africa,41.31,45.75,66.81,100,50.87
2010,BRA,Brazil,Latin America & Caribbean,63.41,90.18,79.33,61.31,85.63
2010,BRN,Brunei Darussalam,Asia-Pacific,60.75,71.17,100,76.65,74.29
2010,BGR,Bulgaria,Eastern Europe,62.53,63.26,98.58,66.94,68.68
2010,BFA,Burkina Faso,Sub-Saharan Africa,47.29,12.04,27.04,100,59.9
2010,BDI,Burundi,Sub-Saharan Africa,43.91,40.17,41.89,51.5,69.9
2010,KHM,Cambodia,Asia-Pacific,41.69,30.34,29.42,81.73,95
2010,CMR,Cameroon,Sub-Saharan Africa,44.62,27.78,46.64,70.01,76.43
2010,CAN,Canada,Global West,66.44,97.37,100,61.91,90.72
2010,CAF,Central African Republic,Sub-Saharan Africa,33.34,29.21,31.97,100,70.21
2010,TCD,Chad,Sub-Saharan Africa,40.85,5.94,5.17,73.51,55.28
2010,CHL,Chile,Latin America & Caribbean,73.34,74.4,92.32,40.94,59.21
2010,CHN,China,Asia-Pacific,49,40.07,70.01,57.22,65.95
2010,COL,Colombia,Latin America & Caribbean,76.77,90.12,81.62,82.66,69.3
2010,COG,Congo,Sub-Saharan Africa,53.97,25.24,30.11,72.46,74.52
2010,CRI,Costa Rica,Latin America & Caribbean,86.4,77.62,96.03,73.4,73.86
2010,CIV,Côte d'Ivoire,Sub-Saharan Africa,54.25,43.57,40.97,62.93,62.98
2010,HRV,Croatia,Eastern Europe,68.65,82.39,98.58,67.65,96.25
2010,CUB,Cuba,Latin America & Caribbean,78.13,97.37,91.12,49.63,74.08
2010,CYP,Cyprus,Eastern Europe,56.26,76.84,100,75.18,87.63
2010,CZE,Czech Republic,Eastern Europe,71.62,96.14,99.44,100,79.67
2010,COD,Dem. Rep. Congo,Sub-Saharan Africa,51.64,27.62,14.73,58.27,73.94
2010,DNK,Denmark,Global West,69.15,97.37,100,52.71,80.37
2010,DJI,Djibouti,Sub-Saharan Africa,60.54,71.41,74.58,1.73,48.09
2010,DOM,Dominican Republic,Latin America & Caribbean,68.44,95.95,83.91,86.06,54.99
2010,ECU,Ecuador,Latin America & Caribbean,69.34,91.74,86.71,82.92,73.79
2010,EGY,Egypt,Greater Middle East,62,50.32,79.2,59.17,43.94
2010,SLV,El Salvador,Latin America & Caribbean,69.07,74.57,78.35,18.01,74.89
2010,GNQ,Equatorial Guinea,Sub-Saharan Africa,41.9,100,23.36,77.06,73.08
2010,ERI,Eritrea,Sub-Saharan Africa,54.63,39.74,15.52,36.06,71.26
2010,EST,Estonia,Eastern Europe,63.8,91.37,97.19,88.53,89.67
2010,ETH,Ethiopia,Sub-Saharan Africa,43.14,17.85,0.06,93.7,53.79
2010,FJI,Fiji,Asia-Pacific,65.91,76.9,38.04,16.93,93.83
2010,FIN,Finland,Global West,74.74,97.37,100,68.64,91.7
2010,FRA,France,Global West,78.22,97.37,100,67.43,79.9
2010,GAB,Gabon,Sub-Saharan Africa,56.44,85.53,52.88,77.02,71.06
2010,GMB,Gambia,Sub-Saharan Africa,50.32,11.8,61,16.49,74.32
2010,GEO,Georgia,Former Soviet States,63.64,55.26,95.21,26.85,57.7
2010,DEU,Germany,Global West,73.22,97.37,100,100,72.4
2010,GHA,Ghana,Sub-Saharan Africa,51.33,40.46,32.76,74.7,88.92
2010,GRC,Greece,Eastern Europe,60.87,81.9,98.88,35.67,78.44
2010,GTM,Guatemala,Latin America & Caribbean,53.97,35.42,87.57,48.35,79.94
2010,GIN,Guinea,Sub-Saharan Africa,44.37,16.89,28.68,46.31,72.77
2010,GNB,Guinea-Bissau,Sub-Saharan Africa,44.67,16.28,25.33,75.02,72.75
2010,GUY,Guyana,Latin America & Caribbean,59.25,83.95,83.3,23.16,71.4
2010,HTI,Haiti,Latin America & Caribbean,39.5,34.82,18.34,3.14,64.24
2010,HND,Honduras,Latin America & Caribbean,49.87,51.55,67.13,62.25,67.74
2010,HUN,Hungary,Eastern Europe,69.11,97.37,100,49.97,67.66
2010,ISL,Iceland,Global West,93.48,97.37,100,68.86,96.11
2010,IND,India,Southern Asia,48.35,37.55,50.11,38.65,68.35
2010,IDN,Indonesia,Asia-Pacific,44.61,31.81,55.82,63.19,79.91
2010,IRN,Iran,Greater Middle East,59.96,72.9,85.29,42.32,45.92
2010,IRQ,Iraq,Greater Middle East,41,50.98,66.7,0,36.23
2010,IRL,Ireland,Global West,67.11,97.37,100,7.03,95.95
2010,ISR,Israel,Greater Middle East,62.43,85.42,100,72.76,41.01
2010,ITA,Italy,Global West,73.05,89.75,100,72.37,73.63
2010,JAM,Jamaica,Latin America & Caribbean,58.04,55.95,84.43,64.27,73.08
2010,JPN,Japan,Asia-Pacific,72.54,87,100,63.16,82.64
2010,JOR,Jordan,Greater Middle East,56.11,76.18,89.86,91.35,24.45
2010,KAZ,Kazakhstan,Former Soviet States,57.3,94.07,94.87,22.7,53.52
2010,KEN,Kenya,Sub-Saharan Africa,51.39,48.09,30.38,76.36,62.84
2010,KWT,Kuwait,Greater Middle East,51.13,55.67,100,17.09,0
2010,KGZ,Kyrgyzstan,Former Soviet States,59.68,77.58,86.59,25.77,51.56
2010,LAO,Laos,Asia-Pacific,59.6,26.47,36.34,100,92.53
2010,LVA,Latvia,Eastern Europe,72.51,94.59,86.79,76.29,95.27
2010,LBN,Lebanon,Greater Middle East,57.91,81.62,98.88,3.49,55.98
2010,LTU,Lithuania,Eastern Europe,68.33,97.37,79.29,46.53,81.92
2010,LUX,Luxembourg,Global West,67.83,97.37,100,100,85.13
2010,MKD,Macedonia,Eastern Europe,60.63,79.47,93.83,40.18,79.85
2010,MDG,Madagascar,Sub-Saharan Africa,49.17,36.14,4.93,31.58,58.54
2010,MWI,Malawi,Sub-Saharan Africa,51.45,36.74,56.86,97.95,49.06
2010,MYS,Malaysia,Asia-Pacific,64.99,93.81,95.77,74.07,74.01
2010,MDV,Maldives,Southern Asia,65.94,82.89,62.34,0.13,69.95
2010,MLI,Mali,Sub-Saharan Africa,39.43,0,34.65,24.32,73.38
2010,MLT,Malta,Global West,76.33,94.74,100,75.06,61.97
2010,MRT,Mauritania,Sub-Saharan Africa,33.67,29.56,22.87,20.85,56.07
2010,MUS,Mauritius,Sub-Saharan Africa,80.58,97.37,96.63,44.96,74.38
2010,MEX,Mexico,Latin America & Caribbean,67.34,75.46,85.03,51.1,59.95
2010,MDA,Moldova,Former Soviet States,58.83,76.66,79.59,12.76,50.44
2010,MNG,Mongolia,Asia-Pacific,42.8,14.57,47.8,80.73,57.55
2010,MAR,Morocco,Greater Middle East,65.61,95.09,69.63,25.46,57.11
2010,MOZ,Mozambique,Sub-Saharan Africa,51.22,41.13,11.28,60.11,57.4
2010,MMR,Myanmar,Asia-Pacific,51.3,22.07,72.66,33.75,66.49
2010,M,Namibia,Sub-Saharan Africa,59.28,46.6,57.49,73.57,49.17
2010,NPL,Nepal,Southern Asia,68.24,42.99,49.55,79.58,69.09
2010,NLD,Netherlands,Global West,66.36,83.61,100,80.05,67.36
2010,NZL,New Zealand,Global West,73.36,97.37,100,65.73,94.98
2010,NIC,Nicaragua,Latin America & Caribbean,57.05,61.51,52.72,59.89,71.17
2010,NER,Niger,Sub-Saharan Africa,37.57,0.22,0,68.89,50.9
2010,NGA,Nigeria,Sub-Saharan Africa,40.19,37.19,15.03,74.67,62.07
2010,NOR,Norway,Global West,81.13,97.37,100,46.63,97.54
2010,OMN,Oman,Greater Middle East,45.87,52.84,77.19,47.09,36.95
2010,PAK,Pakistan,Southern Asia,47.96,17.38,67.81,52.85,48.15
2010,PAN,Panama,Latin America & Caribbean,71.37,67.85,78.51,71.28,88.56
2010,PNG,Papua New Guinea,Asia-Pacific,44.3,50.96,19.14,15.63,63.72
2010,PRY,Paraguay,Latin America & Caribbean,63.51,37.93,63.34,53.04,56.81
2010,PER,Peru,Latin America & Caribbean,69.28,52.25,70.49,52.81,74.6
2010,PHL,Philippines,Asia-Pacific,65.68,71.72,81.62,64.16,86.41
2010,POL,Poland,Eastern Europe,63.11,80.9,79.25,80.44,79.6
2010,PRT,Portugal,Global West,72.98,93.31,98.58,57.97,74.65
2010,QAT,Qatar,Greater Middle East,48.89,72.57,100,6.17,14.07
2010,ROU,Romania,Eastern Europe,67.01,87.95,73.94,63.55,73.44
2010,RUS,Russia,Former Soviet States,61.21,95.89,90.12,80.26,84.51
2010,RWA,Rwanda,Sub-Saharan Africa,44.61,43.07,26.62,85.03,73.05
2010,STP,Sao Tome and Principe,Sub-Saharan Africa,57.34,64.43,45.28,0,71.84
2010,SAU,Saudi Arabia,Greater Middle East,55.32,51.75,86.16,86.35,22.58
2010,SEN,Senegal,Sub-Saharan Africa,42.28,29.63,39.77,78.1,75.94
2010,SLE,Sierra Leone,Sub-Saharan Africa,32.12,25.98,9.54,37.08,74.49
2010,SGP,Singapore,Asia-Pacific,69.64,78.53,100,44.24,99.01
2010,SVK,Slovakia,Eastern Europe,74.46,97.37,100,100,94.59
2010,SVN,Slovenia,Eastern Europe,64.95,84.82,100,51.14,96.49
2010,SLB,Solomon Islands,Asia-Pacific,51.1,68.27,35.98,0.51,74.37
2010,ZAF,South Africa,Sub-Saharan Africa,50.79,90.21,70.96,62.39,68.1
2010,KOR,South Korea,Asia-Pacific,57.04,82.83,85.86,34.19,78.32
2010,ESP,Spain,Global West,70.62,85.31,100,57.22,69.83
2010,LKA,Sri Lanka,Southern Asia,63.71,23.91,76.63,73.99,78.77
2010,SDN,Sudan,Greater Middle East,47.09,2.68,37.66,29.07,61.84
2010,SUR,Suriname,Latin America & Caribbean,68.18,82.94,83,74.31,69.37
2010,SWZ,Swaziland,Sub-Saharan Africa,54.39,54.92,37.46,30.07,80.76
2010,SWE,Sweden,Global West,86.05,97.37,100,61.04,96.3
2010,CHE,Switzerland,Global West,89.09,90.96,100,100,93.46
2010,TJK,Tajikistan,Former Soviet States,51.29,64.37,67.06,38.06,44.47
2010,TZA,Tanzania,Sub-Saharan Africa,47.9,43.71,23.61,80.59,77.76
2010,THA,Thailand,Asia-Pacific,62.15,54.48,96.03,79.77,77.73
2010,TGO,Togo,Sub-Saharan Africa,36.43,35.04,15.27,75.85,72.1
2010,TTO,Trinidad and Tobago,Latin America & Caribbean,54.25,54.7,90.34,61.56,73.15
2010,TUN,Tunisia,Greater Middle East,60.58,86.61,86.41,9.99,50.64
2010,TUR,Turkey,Eastern Europe,60.4,76.13,90.68,17.14,62.83
2010,TKM,Turkmenistan,Former Soviet States,38.39,70.7,54.54,30.36,32.08
2010,UGA,Uganda,Sub-Saharan Africa,49.77,50,31.37,87.5,64.66
2010,UKR,Ukraine,Former Soviet States,58.22,96.44,93.49,35.72,45.68
2010,ARE,United Arab Emirates,Greater Middle East,40.67,48.63,98.32,1.17,5.27
2010,GBR,United Kingdom,Global West,74.24,97.37,100,70.48,77.45
2010,USA,United States of America,Global West,63.48,95.66,99.14,65.92,70.23
2010,URY,Uruguay,Latin America & Caribbean,59.11,47.37,100,1.85,81.72
2010,UZB,Uzbekistan,Former Soviet States,42.27,65.07,87.41,21.75,21.53
2010,VEN,Venezuela,Latin America & Caribbean,62.9,97.37,83.52,78.19,56.12
2010,VNM,Viet Nam,Asia-Pacific,59,41.47,73.46,41.28,78.05
2010,ZMB,Zambia,Sub-Saharan Africa,47,36.76,36.86,100,70.28
2010,ZWE,Zimbabwe,Sub-Saharan Africa,47.82,54.81,53.32,93.75,67.69
